update,rounds,timeouts,winrate,wr_old,wr_new,wr_script,wr_pin,dealt,taken,hits,mean_combo,max_combo,blk,clk,jmp,whiff,aim_bias,avg_reward,ploss,vloss,staleness,wr_turtle,wr_rusher,wr_kiter,wr_boxer,ent_move,ent_click,ent_block,ent_jump,aim_std,res_yaw,res_pitch,move_top,move_top_frac
1,11,0,0.2727272727272727,0.2727272727272727,nan,,,196.34320458000005,206.42320474000005,80,1.3625,5,0.06005859375,0.609375,,,,-0.08217228272293862,-0.017432034015655518,4.155905246734619,1.180232558139535,,,,,,,,,,,,,
2,12,0,0.16666666666666666,0.16666666666666666,nan,,,223.55120381999996,208.43999943999992,90,1.288888888888889,4,0.03173828125,0.662109375,,,,1.3913211445117382,-0.011011949740350246,3.9908816814422607,1.18603515625,,,,,,,,,,,,,
3,12,0,0.16666666666666666,0.16666666666666666,nan,,,211.12000338999994,202.41599868999995,82,1.3048780487804879,5,0.041015625,0.60400390625,,,,-1.1062298450255972,0.0056536272168159485,3.8843724727630615,1.189453125,,,,,,,,,,,,,
4,12,0,0.16666666666666666,0.16666666666666666,nan,,,214.8624035999999,210.264001085,85,1.2588235294117647,3,0.0419921875,0.62158203125,,,,-2.115391241645422,0.06180449575185776,5.504883766174316,1.19287109375,,,,,,,,,,,,,
5,13,0,0.0,0.0,nan,,,235.98080875999997,239.8072049599999,93,1.3118279569892473,5,0.03564453125,0.6435546875,,,,-3.23482847259345,-0.15110424160957336,3.860980987548828,1.204201270151441,,,,,,,,,,,,,
6,11,0,0.36363636363636365,0.36363636363636365,nan,,,194.57599911,177.80000560000002,77,1.155844155844156,3,0.04931640625,0.58984375,,,,4.681666063862864,-0.056700363755226135,3.4059786796569824,1.17138671875,,,,,,,,,,,,,
7,10,0,0.3,0.3,nan,,,199.27200259999995,188.54720211999995,81,1.4938271604938271,7,0.0595703125,0.62548828125,,,,-0.2926509429419465,0.021972231566905975,5.762612342834473,1.1611328125,,,,,,,,,,,,,
8,12,0,0.25,0.25,nan,,,192.15999928,201.85600281999993,77,1.2077922077922079,3,0.04931640625,0.60888671875,,,,-2.2064279561322038,-0.11593036353588104,4.957706451416016,1.194037145650049,,,,,,,,,,,,,
9,9,0,0.2222222222222222,0.2222222222222222,nan,,,183.82400415,179.09440199999997,74,1.1756756756756757,4,0.060546875,0.5830078125,,,,-3.932243408357412,0.028318127617239952,4.562788009643555,1.1402051783097216,,,,,,,,,,,,,
10,10,0,0.4,0.4,nan,,,188.99999991999996,175.295203,79,1.3291139240506329,5,0.06787109375,0.58984375,,,,1.731934780371634,0.07306192070245743,5.4186553955078125,1.16796875,,,,,,,,,,,,,
11,10,0,0.3,0.3,nan,,,181.07120006999995,171.1600007,75,1.3733333333333333,5,0.05810546875,0.60693359375,,,,0.9941651206693676,-0.047224633395671844,4.085580348968506,1.15966796875,,,,,,,,,,,,,
12,10,0,0.3,0.3,nan,,,197.55200239999994,191.23520009999996,82,1.2439024390243902,3,0.05419921875,0.61279296875,,,,-0.824877664363895,0.01572163589298725,3.432605266571045,1.16015625,,,,,,,,,,,,,
13,11,0,0.36363636363636365,0.36363636363636365,nan,,,198.67200264999988,206.39200209999996,81,1.1975308641975309,3,0.06103515625,0.6298828125,,,,-2.1366591148969873,-0.036350004374980927,5.884053707122803,1.173913043478261,,,,,,,,,,,,,
14,12,0,0.4166666666666667,0.4166666666666667,nan,,,207.31840545999995,200.23840429999996,84,1.380952380952381,5,0.06689453125,0.63427734375,,,,3.8294499887379416,0.0009350422769784927,5.449552059173584,1.18505859375,,,,,,,,,,,,,
15,11,0,0.09090909090909091,0.09090909090909091,nan,,,207.15200063999995,189.19040244999997,82,1.2560975609756098,4,0.0576171875,0.63916015625,,,,2.5037686331024194,-0.03514385223388672,1.7954177856445312,1.1729360039081582,,,,,,,,,,,,,
16,12,0,0.08333333333333333,0.08333333333333333,nan,,,211.68800527999997,212.99840732,82,1.3170731707317074,4,0.0595703125,0.650390625,,,,-0.3103643824176312,0.02578921616077423,3.0954346656799316,1.18896484375,,,,,,,,,,,,,
17,6,0,0.3333333333333333,0.3333333333333333,nan,,,110.61599889999998,112.44800130000002,42,1.2380952380952381,3,0.04052734375,0.5400390625,,,,1.6766224429195304,-0.15143772959709167,1.9798742532730103,1.09619140625,,,,,,,,,,,,,
18,14,0,0.35714285714285715,0.35714285714285715,nan,,,229.78320351999992,197.08000666,94,1.9574468085106382,7,0.044921875,0.67236328125,,,,4.528975403162137,-0.04170316457748413,8.800506591796875,1.20703125,,,,,,,,,,,,,
19,12,0,0.0,0.0,nan,,,195.72000003999992,210.60400373,79,1.4177215189873418,3,0.05029296875,0.69287109375,,,,-3.5026444219982458,-0.12445960938930511,3.7686715126037598,1.18505859375,,,,,,,,,,,,,
20,13,0,0.3076923076923077,0.3076923076923077,nan,,,239.2080017399999,250.72639981399993,92,1.2173913043478262,3,0.04931640625,0.6435546875,,,,-2.201373789928126,0.04787735641002655,4.983017921447754,1.2066438690766976,,,,,,,,,,,,,
21,13,0,0.07692307692307693,0.07692307692307693,nan,,,216.62399885999997,217.43200610000002,85,1.2705882352941176,4,0.05224609375,0.6728515625,,,,-3.528933274792786,0.024115703999996185,4.363440990447998,1.20068359375,,,,,,,,,,,,,
22,12,0,0.3333333333333333,0.3333333333333333,nan,,,224.48799873999997,215.48960138999993,88,1.125,2,0.0703125,0.6259765625,,,,0.6709221360710472,-0.011710889637470245,2.962618350982666,1.185546875,,,,,,,,,,,,,
23,12,0,0.08333333333333333,0.08333333333333333,nan,,,218.18319871999995,231.6559988499999,88,1.1818181818181819,3,0.0537109375,0.65283203125,,,,-4.636655422956937,0.03585593029856682,2.9774389266967773,1.18505859375,,,,,,,,,,,,,
24,11,0,0.09090909090909091,0.09090909090909091,nan,,,216.8480013899999,230.87999815,85,1.188235294117647,3,0.05810546875,0.67822265625,,,,-6.213519837605454,0.049003928899765015,3.044991970062256,1.1729360039081582,,,,,,,,,,,,,
25,12,0,0.25,0.25,nan,,,213.28800202999997,203.06239927000004,86,1.372093023255814,5,0.033203125,0.68359375,,,,0.026609005475788372,-0.06085723638534546,6.095327854156494,1.185546875,,,,,,,,,,,,,
26,12,0,0.16666666666666666,0.16666666666666666,nan,,,226.83200465599995,216.06320047999998,90,1.2555555555555555,3,0.0478515625,0.66357421875,,,,-1.4394484323091257,-0.08755165338516235,2.724147081375122,1.19247679531021,,,,,,,,,,,,,
27,13,0,0.38461538461538464,0.38461538461538464,nan,,,252.48800318,239.59999744999996,104,1.375,4,0.0478515625,0.681640625,,,,2.227017306412888,0.0022532716393470764,5.796849727630615,1.2001953125,,,,,,,,,,,,,
28,12,0,0.3333333333333333,0.3333333333333333,nan,,,223.39200365999992,206.50400187,93,1.3010752688172043,5,0.05615234375,0.626953125,,,,1.2310762876407582,0.010093379765748978,5.559154510498047,1.185546875,,,,,,,,,,,,,
29,12,0,0.16666666666666666,0.16666666666666666,nan,,,223.54400196999995,236.27200049999993,90,1.2777777777777777,3,0.04638671875,0.6416015625,,,,-5.708014202389198,0.057839326560497284,5.963210582733154,1.186217008797654,,,,,,,,,,,,,
30,11,0,0.2727272727272727,0.2727272727272727,nan,,,211.51840289999998,207.05120299999993,88,1.3863636363636365,5,0.0390625,0.62890625,,,,-3.908781609469175,0.01648395135998726,6.705901145935059,1.173828125,,,,,,,,,,,,,
31,11,0,0.45454545454545453,0.45454545454545453,nan,,,212.2559990499999,197.10959789999995,87,1.3333333333333333,5,0.04638671875,0.61181640625,,,,1.3111220937980568,0.005350726656615734,4.503144264221191,1.1708984375,,,,,,,,,,,,,
32,13,0,0.23076923076923078,0.23076923076923078,nan,,,237.93600016999994,225.23200179999995,93,1.2580645161290323,4,0.041015625,0.6328125,,,,-2.183643199819292,0.035688117146492004,3.602047920227051,1.2046897899364923,,,,,,,,,,,,,
33,11,0,0.36363636363636365,0.36363636363636365,nan,,,230.08159940000004,220.15360067999993,96,1.3541666666666667,4,0.044921875,0.61474609375,,,,-0.07441966912941857,0.07376588881015778,7.508492469787598,1.1748046875,,,,,,,,,,,,,
34,13,0,0.38461538461538464,0.38461538461538464,nan,,,224.9920032259999,218.73760389999998,89,1.2696629213483146,5,0.048828125,0.61279296875,,,,2.603771331391432,0.07684791833162308,4.306560516357422,1.2090864680019542,,,,,,,,,,,,,
35,13,0,0.23076923076923078,0.23076923076923078,nan,,,246.24720359999998,241.82400174999992,99,1.2626262626262625,4,0.04248046875,0.61376953125,,,,1.296596986186562,0.06519889086484909,2.6409406661987305,1.19970703125,,,,,,,,,,,,,
36,11,0,0.09090909090909091,0.09090909090909091,nan,,,204.82240689999992,214.00400619999994,82,1.2439024390243902,3,0.05029296875,0.57373046875,,,,-3.350250047849795,0.012533269822597504,2.83205246925354,1.1689453125,,,,,,,,,,,,,
37,13,0,0.07692307692307693,0.07692307692307693,nan,,,236.616002636,239.23360461000001,90,1.3,4,0.03466796875,0.66552734375,,,,-1.7740840523083894,-0.024134047329425812,2.7748312950134277,1.1998045920859794,,,,,,,,,,,,,
38,14,0,0.14285714285714285,0.14285714285714285,nan,,,256.33600258399997,248.94400482,95,1.2105263157894737,3,0.0400390625,0.64990234375,,,,0.0666402683271198,0.05487920343875885,2.4123191833496094,1.2232535417684416,,,,,,,,,,,,,
39,13,0,0.15384615384615385,0.15384615384615385,nan,,,220.15760127000004,223.73360109999993,86,1.255813953488372,4,0.04931640625,0.64599609375,,,,-0.2584295575238889,-0.03163430467247963,1.991835117340088,1.19921875,,,,,,,,,,,,,
40,14,0,0.0,0.0,nan,,,242.45440102999993,239.37360277999997,96,1.2708333333333333,4,0.048828125,0.68017578125,,,,-2.2052540419862217,-0.09821382910013199,2.095895290374756,1.21435546875,,,,,,,,,,,,,
41,14,0,0.0,0.0,nan,,,248.44000631999998,245.3743991,96,1.46875,7,0.0439453125,0.705078125,,,,-0.4937567562212915,-0.01855986751616001,2.4171547889709473,1.21484375,,,,,,,,,,,,,
42,14,0,0.0,0.0,nan,,,253.9680042434999,246.41600007,96,1.21875,4,0.0419921875,0.7099609375,,,,-1.2802657448834849,0.013140374794602394,1.97185218334198,1.21484375,,,,,,,,,,,,,
43,13,0,0.15384615384615385,0.15384615384615385,nan,,,233.33440427999992,217.25440465999998,93,1.3978494623655915,5,0.04248046875,0.69580078125,,,,2.890604841514602,-0.0701223760843277,4.037136554718018,1.19921875,,,,,,,,,,,,,
44,14,0,0.14285714285714285,0.14285714285714285,nan,,,239.3680050799999,220.93120335999998,99,1.4646464646464648,6,0.03955078125,0.68115234375,,,,1.6113724450933944,0.018381156027317047,2.8188438415527344,1.97412109375,,,,,,,,,,,,,
45,13,0,0.15384615384615385,0.15384615384615385,nan,,,250.91200085000006,237.68800220000003,100,1.26,3,0.03369140625,0.70068359375,,,,0.8229130037728682,-0.02969285286962986,2.919729709625244,1.2061553492916464,,,,,,,,,,,,,
46,13,0,0.07692307692307693,0.07692307692307693,nan,,,236.5072027699999,217.36319957,97,1.4536082474226804,5,0.0439453125,0.7138671875,,,,1.286499715612637,-0.10549463331699371,3.4778621196746826,1.20068359375,,,,,,,,,,,,,
47,14,0,0.07142857142857142,0.07142857142857142,nan,,,250.00000546999993,228.04000247500002,96,1.2708333333333333,4,0.0390625,0.689453125,,,,1.7548011686157883,0.039012715220451355,1.972699761390686,1.2216796875,,,,,,,,,,,,,
48,14,0,0.21428571428571427,0.21428571428571427,nan,,,265.57680375999996,236.96319715300004,104,1.4903846153846154,6,0.04443359375,0.6884765625,,,,2.8465259526425806,-0.005895595997571945,5.9085259437561035,1.21484375,,,,,,,,,,,,,
49,15,0,0.13333333333333333,0.13333333333333333,nan,,,263.12560206,257.422395143,104,1.2019230769230769,3,0.0419921875,0.67333984375,,,,0.33501879432457354,0.05759347230195999,4.107778072357178,1.232421875,,,,,,,,,,,,,
50,12,0,0.16666666666666666,0.16666666666666666,nan,,,220.38319884999993,211.5680028699999,86,1.2906976744186047,4,0.04443359375,0.63916015625,,,,2.2307616087676663,-0.024661652743816376,1.471879005432129,1.19189453125,,,,,,,,,,,,,
1,7,0,0.5714285714285714,0.5714285714285714,nan,,,146.51199995999997,128.69600319999998,50,1.28,4,0.0302734375,0.50048828125,,,,2.5204045476252923,0.010360486805438995,3.3221640586853027,1.2161775232641374,,,,,,,,,,,,,
2,14,0,0.5,0.5,nan,,,263.48560324999994,250.457602776,107,1.4485981308411215,5,0.03857421875,0.70947265625,,,,1.8575700226393637,0.002865709364414215,8.64904499053955,1.3172043010752688,,,,,,,,,,,,,
3,13,0,0.6153846153846154,0.6153846153846154,nan,,,252.0976027,222.6400042999999,106,1.509433962264151,6,0.0498046875,0.64697265625,,,,5.28058519566056,0.00993703305721283,6.903193473815918,1.26123046875,,,,,,,,,,,,,
4,13,0,0.6923076923076923,0.6923076923076923,nan,,,263.56800199999986,232.194406,114,1.6929824561403508,6,0.0380859375,0.6689453125,,,,8.23818835264111,-0.0683094710111618,6.183732032775879,1.2744140625,,,,,,,,,,,,,
5,16,0,0.5625,0.5625,nan,,,287.12879953,269.0160002999999,116,1.5862068965517242,6,0.02978515625,0.705078125,,,,3.6854147701623594,0.07200539112091064,12.785709381103516,1.328125,,,,,,,,,,,,,
6,15,0,0.7333333333333333,0.7333333333333333,nan,,,290.08800689999987,268.1936043799999,119,1.4873949579831933,5,0.029296875,0.7333984375,,,,7.406117507611674,-0.034383758902549744,7.103219032287598,1.30517578125,,,,,,,,,,,,,
7,17,0,0.5882352941176471,0.5882352941176471,nan,,,319.90240416000006,300.14239797000005,135,1.4370370370370371,4,0.01806640625,0.72802734375,,,,3.5533942205033373,-7.873401045799255e-05,9.95002269744873,1.3795798729848558,,,,,,,,,,,,,
8,17,0,0.7058823529411765,0.7058823529411765,nan,,,312.76800418599987,266.53600645999995,130,1.7769230769230768,7,0.0205078125,0.69189453125,,,,9.012134601412512,0.03114210069179535,11.20093059539795,1.3761602344894968,,,,,,,,,,,,,
9,16,0,0.5625,0.5625,nan,,,306.5824022500001,277.64800132999994,123,1.5040650406504066,5,0.02099609375,0.69921875,,,,4.646984640033082,0.04716762527823448,10.89555549621582,1.331704934049829,,,,,,,,,,,,,
10,16,0,0.75,0.75,nan,,,301.1191976469999,253.03200290000004,121,1.462809917355372,4,0.01806640625,0.67236328125,,,,8.593900210873652,-0.05966509133577347,6.9619221687316895,1.3531998045920859,,,,,,,,,,,,,
11,14,0,0.7142857142857143,0.7142857142857143,nan,,,283.1520050000001,252.47999998,118,1.6016949152542372,6,0.017578125,0.6953125,,,,8.119436610105309,0.09802557528018951,8.117759704589844,1.2898338220918866,,,,,,,,,,,,,
12,15,0,0.7333333333333333,0.7333333333333333,nan,,,283.48960341999975,249.35840250000007,119,1.8907563025210083,9,0.01171875,0.7509765625,,,,9.121896035406321,0.0002706460654735565,9.383645057678223,1.299951148021495,,,,,,,,,,,,,
13,16,0,0.625,0.625,nan,,,296.9760042039999,272.18400379400003,122,1.5327868852459017,6,0.0146484375,0.70556640625,,,,5.072762461701532,-0.01769561693072319,9.012809753417969,1.32828529555447,,,,,,,,,,,,,
14,17,0,0.5294117647058824,0.5294117647058824,nan,,,324.8640023599999,292.2976018,131,1.450381679389313,5,0.0166015625,0.74462890625,,,,2.8645509329051873,0.05609140545129776,9.737823486328125,1.3532289628180039,,,,,,,,,,,,,
15,16,0,0.6875,0.6875,nan,,,301.6960031499999,264.52800034999996,119,1.411764705882353,5,0.01904296875,0.72265625,,,,7.77007821014751,-0.03250880911946297,7.413444519042969,1.3541768441621886,,,,,,,,,,,,,
1,12,0,0.6666666666666666,0.6666666666666666,nan,,,227.61360583899997,233.27280123999998,92,1.315217391304348,4,0.04052734375,0.673828125,,,,3.22243638673461,-0.030769024044275284,6.6208577156066895,1.1963377416073244,,,,,,,,,,,,,
2,13,0,1.0,1.0,nan,,,224.69200125000003,188.49600133,104,1.625,5,0.021484375,0.75830078125,,,,13.623614368849635,0.02746952511370182,5.564645767211914,1.1923828125,,,,,,,,,,,,,
3,20,0,0.7,0.7,nan,,,172.812807585,101.16800200000003,71,3.028169014084507,12,0.0205078125,0.61669921875,,,,8.999412689691068,-0.03230723366141319,18.592979431152344,1.142578125,,,,,,,,,,,,,
1,3,1,0.6666666666666666,0.6666666666666666,nan,,,42.42560295999999,12.207999,17,2.1176470588235294,5,0.06103515625,0.68896484375,,,,12.9172162155975,0.06064971163868904,1.2806081771850586,1.0796900940785832,,,,,,,,,,,,,
2,5,1,0.2,0.2,nan,,,41.55999899999999,66.48799969999999,20,3.25,9,0.044921875,0.76708984375,,,,-16.685740000355846,0.022780999541282654,3.0259642601013184,1.10595703125,,,,,,,,,,,,,
3,6,0,0.6666666666666666,0.6666666666666666,nan,,,68.67680049999998,67.372799,31,2.032258064516129,7,0.07275390625,0.7421875,,,,7.709945448052204,0.10130272805690765,3.6668200492858887,1.1090464547677261,,,,,,,,,,,,,
4,4,0,0.25,0.25,nan,,,42.46720099999999,70.30960199999998,17,1.1764705882352942,3,0.076171875,0.78857421875,,,,-18.34024246979839,-0.17157414555549622,2.697279453277588,1.0806451612903225,,,,,,,,,,,,,
5,5,0,0.2,0.2,nan,,,63.209602000000004,76.14719999999998,25,1.24,3,0.05224609375,0.80322265625,,,,-16.70861034123363,0.04634827747941017,4.237922668457031,1.0963325183374084,,,,,,,,,,,,,
6,4,0,1.0,1.0,nan,,,77.64000022999997,36.5344017,38,2.8421052631578947,9,0.0537109375,0.80029296875,,,,25.291160242575906,0.0064198048785328865,2.814042091369629,1.0786516853932584,,,,,,,,,,,,,
7,7,2,0.42857142857142855,0.42857142857142855,nan,,,77.9064013,61.342400829999995,34,2.264705882352941,6,0.06005859375,0.75146484375,,,,0.8817411936530044,0.029690897092223167,2.9019360542297363,1.1559139784946237,,,,,,,,,,,,,
8,2,1,0.5,0.5,nan,,,31.1552,30.340800599999994,14,1.7857142857142858,5,0.044921875,0.77392578125,,,,-1.7833990361649175,0.05600254237651825,0.9983385801315308,1.049829018075232,,,,,,,,,,,,,
9,3,1,0.3333333333333333,0.3333333333333333,nan,,,36.486402,39.7544029,16,1.0625,2,0.05908203125,0.7626953125,,,,-14.07275326183175,-0.08427112549543381,1.5305776596069336,1.0737664875427455,,,,,,,,,,,,,
10,4,1,0.5,0.5,nan,,,48.5568016,57.979199399999985,22,1.2272727272727273,3,0.04296875,0.73828125,,,,-4.67713782690954,-0.05489438772201538,2.0144293308258057,1.0954011741682974,,,,,,,,,,,,,
11,5,1,0.4,0.4,nan,,,66.58880199999997,65.998403,29,2.1379310344827585,6,0.0380859375,0.7509765625,,,,-2.447136405208507,0.0008766511455178261,3.2616147994995117,1.1026392961876832,,,,,,,,,,,,,
12,4,1,0.0,0.0,nan,,,30.632001,80.204802,13,1.0769230769230769,2,0.03125,0.763671875,,,,-25.65377682414222,0.004823543131351471,2.0193562507629395,1.0772238514173997,,,,,,,,,,,,,
13,4,1,0.0,0.0,nan,,,25.256000999999998,78.72640029999998,10,1.0,1,0.0390625,0.7744140625,,,,-29.28298422816301,-0.015508627519011497,1.9903589487075806,1.0733496332518337,,,,,,,,,,,,,
14,7,0,0.42857142857142855,0.42857142857142855,nan,,,80.1184004,78.43520120000001,38,1.9473684210526316,6,0.052734375,0.74365234375,,,,-3.7213448282462402,0.08833640813827515,3.9523510932922363,1.148166259168704,,,,,,,,,,,,,
15,5,1,0.2,0.2,nan,,,58.04639999999999,79.768001,25,1.48,5,0.0517578125,0.76953125,,,,-12.739018668969564,-0.02764236181974411,2.022944211959839,1.0933528836754642,,,,,,,,,,,,,
16,4,1,0.5,0.5,nan,,,46.9103996,45.267198699999994,22,1.3181818181818181,3,0.0498046875,0.75634765625,,,,-4.350593214822014,-0.030067693442106247,2.622459888458252,1.0791788856304985,,,,,,,,,,,,,
17,8,0,0.625,0.625,nan,,,114.53520097999998,94.55200300000001,50,2.72,10,0.0341796875,0.78173828125,,,,5.877294500420615,-0.02216014266014099,4.72454833984375,1.151026392961877,,,,,,,,,,,,,
18,5,1,0.0,0.0,nan,,,43.57360069999999,83.32959809999997,18,1.2777777777777777,2,0.0390625,0.78125,,,,-20.454598914683153,-0.013095811009407043,1.8909027576446533,1.1031280547409579,,,,,,,,,,,,,
19,5,1,0.2,0.2,nan,,,45.311999499999985,63.76319949999999,21,3.1904761904761907,10,0.04296875,0.77392578125,,,,-13.044727804688893,-0.0860610082745552,2.5746049880981445,1.0957966764418376,,,,,,,,,,,,,
20,7,1,0.42857142857142855,0.42857142857142855,nan,,,97.2064,85.7431995,45,3.2444444444444445,10,0.03173828125,0.81005859375,,,,3.081466521505063,-0.057737916707992554,3.6253931522369385,1.1349633251833742,,,,,,,,,,,,,
21,4,1,0.5,0.5,nan,,,48.4448,49.991201350000004,24,3.8333333333333335,12,0.03857421875,0.80029296875,,,,0.46592877911615904,-0.11679451167583466,2.126155376434326,1.0732421875,,,,,,,,,,,,,
22,7,0,0.42857142857142855,0.42857142857142855,nan,,,114.89119864999999,83.52080346700001,55,3.5454545454545454,12,0.0341796875,0.8076171875,,,,3.7981863599615773,-0.0066459085792303085,3.570997953414917,1.14013671875,,,,,,,,,,,,,
23,2,1,0.5,0.5,nan,,,33.384001,7.392000400000001,15,1.0666666666666667,2,0.041015625,0.45654296875,,,,7.840946855681295,-0.004407189786434174,1.064278244972229,1.01904296875,,,,,,,,,,,,,
24,1,1,0.0,0.0,nan,,,0.0,0.0,0,0.0,0,0.16650390625,0.1923828125,,,,-20.164863605054887,-0.06191905215382576,0.02546495944261551,1.0,,,,,,,,,,,,,
1,11,0,0.7272727272727273,0.7272727272727273,nan,,,204.11520056,194.51199992,83,1.2891566265060241,4,0.048828125,0.62841796875,,,,4.712266884922823,-0.06299158185720444,6.719333648681641,1.1998045920859794,,,,,,,,,,,,,
2,11,0,0.45454545454545453,0.45454545454545453,nan,,,212.14080210000003,204.83520439999992,85,1.2705882352941176,5,0.04052734375,0.65869140625,,,,-0.07516911182522082,0.002170668914914131,4.719122886657715,1.22412109375,,,,,,,,,,,,,
3,13,0,0.46153846153846156,0.46153846153846156,nan,,,232.48480086,218.00640429000003,94,1.4148936170212767,6,0.03369140625,0.69091796875,,,,0.5764661277309853,-0.1253155916929245,7.009169578552246,1.267578125,,,,,,,,,,,,,
4,13,0,0.6923076923076923,0.6923076923076923,nan,,,240.4111988999999,214.61280197000002,99,1.6262626262626263,6,0.03125,0.70849609375,,,,7.008539240916615,0.040289923548698425,8.850608825683594,1.2498777506112468,,,,,,,,,,,,,
5,11,0,0.8181818181818182,0.8181818181818182,nan,,,226.63200319999996,212.40720068999988,91,1.2747252747252746,3,0.03271484375,0.65478515625,,,,7.867534733685806,0.10228212177753448,5.552945137023926,1.2085979482169027,,,,,,,,,,,,,
6,12,0,0.5833333333333334,0.5833333333333334,nan,,,225.68320256000007,208.64000599999997,94,1.4042553191489362,5,0.03125,0.6728515625,,,,3.659629757252148,0.10940875113010406,6.901031017303467,1.2249388753056234,,,,,,,,,,,,,
7,12,0,0.4166666666666667,0.4166666666666667,nan,,,235.43999709999997,215.68960300000003,96,1.46875,5,0.029296875,0.67919921875,,,,-0.4276714489343038,-0.026329506188631058,7.154160499572754,1.19775390625,,,,,,,,,,,,,
8,13,0,0.8461538461538461,0.8461538461538461,nan,,,245.07200084,210.26800140000003,104,1.7019230769230769,6,0.03076171875,0.6962890625,,,,11.469238997528501,-0.044592611491680145,6.325844764709473,1.238747553816047,,,,,,,,,,,,,
9,13,0,0.5384615384615384,0.5384615384615384,nan,,,242.43519979999988,235.80560295,102,1.7254901960784315,6,0.03173828125,0.6875,,,,2.4489168319560366,-0.01508985087275505,8.407265663146973,1.2463343108504399,,,,,,,,,,,,,
10,13,0,0.6153846153846154,0.6153846153846154,nan,,,228.894402024,222.92000154999994,94,1.3936170212765957,4,0.02197265625,0.65966796875,,,,3.242281150667128,0.043600331991910934,9.158953666687012,1.2407045009784736,,,,,,,,,,,,,
11,12,0,0.6666666666666666,0.6666666666666666,nan,,,241.74560229999994,218.8352031,97,1.3814432989690721,5,0.025390625,0.6640625,,,,5.108429580604066,0.0009733103215694427,3.723576068878174,1.2111436950146628,,,,,,,,,,,,,
12,13,0,0.8461538461538461,0.8461538461538461,nan,,,261.50799969999997,225.33760399999994,109,1.7798165137614679,7,0.0205078125,0.71875,,,,11.773714277997735,0.07972623407840729,5.9510393142700195,1.2444987775061125,,,,,,,,,,,,,
13,12,0,0.8333333333333334,0.8333333333333334,nan,,,235.80959903999997,197.40240006600007,104,1.7307692307692308,6,0.0302734375,0.68310546875,,,,11.16654214743402,0.0039932336658239365,5.674178600311279,1.2297165200391007,,,,,,,,,,,,,
14,13,0,0.9230769230769231,0.9230769230769231,nan,,,239.27360096999988,214.52800039999997,103,1.5922330097087378,5,0.02978515625,0.7041015625,,,,11.97314035498304,-0.07690715044736862,6.3866424560546875,1.239980449657869,,,,,,,,,,,,,
15,15,0,0.7333333333333333,0.7333333333333333,nan,,,291.9519976999999,260.18560769999993,120,1.6166666666666667,7,0.0126953125,0.73876953125,,,,7.683828257618641,0.07452723383903503,9.258126258850098,1.2643171806167401,,,,,,,,,,,,,
16,16,0,0.75,0.75,nan,,,293.9823997599999,253.83840074999992,123,1.7235772357723578,5,0.01025390625,0.751953125,,,,9.153311593701801,0.07884956151247025,8.03075122833252,1.31103515625,,,,,,,,,,,,,
17,16,0,0.75,0.75,nan,,,296.3232014499998,269.89600415999996,123,1.6585365853658536,5,0.009765625,0.76123046875,,,,7.419364654690703,-0.050645146518945694,8.207147598266602,1.2917888563049853,,,,,,,,,,,,,
18,13,0,0.8461538461538461,0.8461538461538461,nan,,,258.5847996,231.50880095,105,1.5809523809523809,6,0.01220703125,0.73828125,,,,9.732214370840252,0.09234213083982468,6.512287139892578,1.241446725317693,,,,,,,,,,,,,
19,15,0,0.6666666666666666,0.6666666666666666,nan,,,286.64560205999993,245.15039939999994,124,1.7419354838709677,5,0.009765625,0.771484375,,,,7.616849260375473,0.06925449520349503,9.250106811523438,1.2701908957415566,,,,,,,,,,,,,
20,15,0,0.8,0.8,nan,,,291.6080026199999,231.98240482399996,126,1.8095238095238095,7,0.0126953125,0.77587890625,,,,11.553559781805632,-0.003084162250161171,9.17837142944336,1.2795698924731183,,,,,,,,,,,,,
21,14,0,0.7142857142857143,0.7142857142857143,nan,,,264.3672045299999,234.3360028999999,108,1.462962962962963,5,0.01220703125,0.7724609375,,,,6.798488413978447,-0.08354605734348297,4.898482322692871,1.267481662591687,,,,,,,,,,,,,
22,14,0,0.7142857142857143,0.7142857142857143,nan,,,269.76080274999987,244.70400387999993,112,1.6785714285714286,6,0.0146484375,0.8154296875,,,,7.442567029430223,0.018720636144280434,7.872008323669434,1.2761485826001955,,,,,,,,,,,,,
23,14,0,0.7142857142857143,0.7142857142857143,nan,,,267.24960031999996,239.70400419000006,107,1.4953271028037383,6,0.01953125,0.7568359375,,,,6.419504924471367,0.013827383518218994,4.419558525085449,1.2761485826001955,,,,,,,,,,,,,
24,15,0,0.6666666666666666,0.6666666666666666,nan,,,295.65600172,257.19200044599995,124,1.6370967741935485,6,0.0107421875,0.7880859375,,,,6.965538180516237,0.014603469520807266,8.073469161987305,1.2738853503184713,,,,,,,,,,,,,
25,16,0,0.625,0.625,nan,,,282.45280146,261.5039993999999,112,1.4732142857142858,5,0.0205078125,0.74169921875,,,,3.8095570891807524,-0.033098701387643814,8.631935119628906,1.312133072407045,,,,,,,,,,,,,
26,15,0,0.5333333333333333,0.5555555555555556,0.5,,,286.12720459999997,270.200004,124,1.6048387096774193,6,0.01904296875,0.79541015625,,,,2.8462113702305394,-0.0093919038772583,9.403196334838867,1.2673509286412512,,,,,,,,,,,,,
27,14,0,0.7857142857142857,0.8333333333333334,0.5,,,265.2687970399999,244.93439755999995,112,1.7142857142857142,7,0.017578125,0.80224609375,,,,8.371126679882426,-0.02278040535748005,7.288376808166504,1.2561214495592556,,,,,,,,,,,,,
28,16,0,0.5625,0.6363636363636364,0.4,,,296.84480069999995,270.4384024599999,122,1.5901639344262295,5,0.015625,0.8154296875,,,,3.61690256656286,0.07347593456506729,7.419595718383789,1.2784562774792378,,,,,,,,,,,,,
29,15,0,0.6666666666666666,0.8571428571428571,0.5,,,289.8336038399999,274.8712020600001,113,1.3982300884955752,4,0.013671875,0.8037109375,,,,4.631727371764465,0.032404303550720215,6.710248947143555,1.2862035225048924,,,,,,,,,,,,,
30,16,0,0.5,0.5,0.5,,,300.3360008999998,291.10400435700006,125,1.4,4,0.01416015625,0.81103515625,,,,0.7675904023707995,-0.12159836292266846,9.42812728881836,1.297020029311187,,,,,,,,,,,,,
31,16,0,0.4375,0.5,0.4,,,266.22720685999985,283.25599729999993,112,1.4910714285714286,7,0.021484375,0.81201171875,,,,-1.7695214984051857,-0.09566996246576309,7.305723190307617,1.3056234718826405,,,,,,,,,,,,,
32,14,0,0.5714285714285714,0.6,0.5,,,259.1288045579999,248.45599914,107,1.4672897196261683,4,0.0166015625,0.8076171875,,,,3.2014296566578047,0.09598638117313385,10.552978515625,1.2649071358748778,,,,,,,,,,,,,
33,15,0,0.6,0.5714285714285714,0.625,,,300.7072008600001,275.79200633,121,1.396694214876033,5,0.0126953125,0.79052734375,,,,3.74869921419642,0.08126365393400192,7.016905307769775,1.2557457212713936,,,,,,,,,,,,,
34,17,0,0.8235294117647058,0.8333333333333334,0.8181818181818182,,,334.7696030399998,303.3760034099999,131,1.4427480916030535,5,0.009765625,0.80419921875,,,,8.335973607846087,-0.007946765050292015,6.174499988555908,1.3111545988258317,,,,,,,,,,,,,
35,18,0,0.6111111111111112,0.7142857142857143,0.5454545454545454,,,331.52160038999995,282.12000519099985,130,1.5384615384615385,6,0.009765625,0.8173828125,,,,5.16838783225291,-0.06920827925205231,9.892654418945312,1.3190034196384954,,,,,,,,,,,,,
36,16,0,0.5625,0.6666666666666666,0.42857142857142855,,,294.21759971,280.84000330000003,119,1.495798319327731,5,0.01025390625,0.80126953125,,,,2.656059110596704,0.01053650677204132,9.722089767456055,1.3188050930460333,,,,,,,,,,,,,
37,17,0,0.6470588235294118,0.5714285714285714,0.7,,,312.32080434000017,282.76800081,125,1.52,5,0.0068359375,0.81787109375,,,,5.238702307636568,-0.0021889954805374146,11.82080078125,1.343108504398827,,,,,,,,,,,,,
38,16,0,0.625,0.6363636363636364,0.6,,,296.71200290000013,284.08000280000005,122,1.5,6,0.00927734375,0.77734375,,,,4.0225079632770235,-0.0007186150178313255,7.63446044921875,1.2883675464320625,,,,,,,,,,,,,
39,16,0,0.75,0.7142857142857143,0.7777777777777778,,,315.55359919999995,283.2800056399999,131,1.5801526717557253,5,0.0107421875,0.8037109375,,,,7.453273799467829,-0.03246016800403595,8.657205581665039,1.2790811339198436,,,,,,,,,,,,,
40,15,0,0.6666666666666666,0.8181818181818182,0.25,,,275.72640170000005,259.48800029,111,1.4234234234234233,4,0.0126953125,0.74609375,,,,4.842299319149938,0.0325934998691082,8.584826469421387,1.249266862170088,,,,,,,,,,,,,
41,17,0,0.5882352941176471,0.625,0.5555555555555556,,,320.5680005199999,300.1600037000001,128,1.5703125,6,0.0068359375,0.77880859375,,,,3.6126897403464295,-0.02113473042845726,9.585210800170898,1.3044542339696525,,,,,,,,,,,,,
42,17,0,0.35294117647058826,0.5,0.2222222222222222,,,313.92560222000014,300.0111975049999,122,1.360655737704918,6,0.00830078125,0.732421875,,,,-1.8030545667334048,-0.03445841744542122,7.836279392242432,1.3246943765281174,,,,,,,,,,,,,
43,15,0,0.6666666666666666,0.7142857142857143,0.625,,,299.77840277599995,263.84800071,126,1.5555555555555556,5,0.01025390625,0.76318359375,,,,6.657638190990115,1.6607344150543213e-05,7.943354606628418,1.2619745845552297,,,,,,,,,,,,,
44,16,0,0.4375,0.4,0.45454545454545453,,,297.69280086,293.50400299999995,119,1.3529411764705883,4,0.01171875,0.74658203125,,,,-0.75250012823243,0.003947952762246132,9.134542465209961,1.2785119921683799,,,,,,,,,,,,,
45,16,0,0.5625,0.5714285714285714,0.5555555555555556,,,304.36799763999994,282.5759983000001,124,1.4274193548387097,4,0.01708984375,0.7373046875,,,,2.2227315654742723,0.01803070306777954,7.537758827209473,1.280684596577017,,,,,,,,,,,,,
46,16,0,0.375,0.7142857142857143,0.1111111111111111,,,300.1496015099998,293.744002357,127,1.5354330708661417,6,0.0146484375,0.7548828125,,,,-2.102727361698558,-0.028339825570583344,7.552485466003418,1.2876712328767124,,,,,,,,,,,,,
47,15,0,0.5333333333333333,0.42857142857142855,0.625,,,268.54880277999996,261.72800309399986,108,1.5185185185185186,6,0.02099609375,0.73681640625,,,,1.2100108445272815,-0.023946650326251984,8.07364273071289,1.3206256109481915,,,,,,,,,,,,,
48,15,0,0.5333333333333333,0.7142857142857143,0.375,,,277.20000191,277.5280027,115,1.4608695652173913,6,0.015625,0.77880859375,,,,1.0459248225267945,-0.064539335668087,9.087356567382812,1.2927068037200196,,,,,,,,,,,,,
49,13,0,0.5384615384615384,0.6666666666666666,0.25,,,263.40800384999983,249.96799753999986,107,1.4766355140186915,5,0.01611328125,0.75732421875,,,,1.5288571613063422,-0.005504461005330086,7.193046569824219,1.2797066014669927,,,,,,,,,,,,,
50,15,0,0.6,0.8333333333333334,0.4444444444444444,,,272.30560793000006,262.90720013,110,1.4181818181818182,4,0.01318359375,0.79296875,,,,3.12776287910813,-0.07414370775222778,7.760876178741455,1.3002444987775061,,,,,,,,,,,,,
51,14,0,0.7857142857142857,0.75,1.0,,,271.84400245000006,247.7136015652999,108,1.4166666666666667,5,0.017578125,0.76953125,,,,6.1668272665826525,0.06287197768688202,6.091464996337891,1.280058651026393,,,,,,,,,,,,,
52,15,0,0.4,0.45454545454545453,0.25,,,281.00160394,275.28800155999994,110,1.2818181818181817,3,0.01123046875,0.7978515625,,,,-2.207143187626487,-0.01805713400244713,8.685111045837402,1.2958435207823962,,,,,,,,,,,,,
53,15,0,0.5333333333333333,0.5454545454545454,0.5,,,280.8735990899999,258.8160019,112,1.4910714285714286,6,0.01318359375,0.78271484375,,,,1.8667184976977604,-0.25614669919013977,7.937540054321289,1.2873225648556046,,,,,,,,,,,,,
54,16,0,0.625,0.5454545454545454,0.8,,,309.58719826000004,274.7175963090001,120,1.375,5,0.01513671875,0.8046875,,,,4.0073049023125815,0.04299473389983177,9.51302719116211,1.3181818181818181,,,,,,,,,,,,,
55,17,0,0.5294117647058824,0.4,0.7142857142857143,,,330.02399947,282.83200439999985,141,1.5957446808510638,6,0.0078125,0.818359375,,,,3.2342010280167592,0.03255052864551544,9.392229080200195,1.3401860009789526,,,,,,,,,,,,,
56,17,0,0.4117647058823529,0.4,0.42857142857142855,,,310.78960150399985,310.1112060999999,129,1.3333333333333333,4,0.009765625,0.79931640625,,,,-2.829290675589913,-0.01616663485765457,6.811064720153809,1.3455522971652003,,,,,,,,,,,,,
57,17,0,0.6470588235294118,0.8,0.42857142857142855,,,307.8000002,288.4480066599999,122,1.4344262295081966,5,0.01025390625,0.82958984375,,,,3.294050960031932,-0.03523356467485428,8.675856590270996,1.3033268101761253,,,,,,,,,,,,,
58,16,0,0.3125,0.5,0.0,,,294.34720162800005,294.1168011500001,117,1.393162393162393,5,0.01513671875,0.81396484375,,,,-5.072875132749202,0.042482584714889526,8.936944961547852,1.2860635696821516,,,,,,,,,,,,,
59,16,0,0.4375,0.2857142857142857,0.5555555555555556,,,305.32000029999995,301.3919982199999,129,1.5813953488372092,5,0.009765625,0.82421875,,,,-1.2679774633501466,0.08870646357536316,9.388289451599121,1.2915851272015655,,,,,,,,,,,,,
60,15,0,0.7333333333333333,0.6,1.0,,,295.4296031100001,257.2320061799999,124,1.532258064516129,5,0.0107421875,0.806640625,,,,8.06437616211168,0.01605033501982689,7.090576648712158,1.2745481191988275,,,,,,,,,,,,,
61,15,0,0.6,0.5555555555555556,0.6666666666666666,,,260.4200032769999,235.9344037,108,1.3888888888888888,4,0.01318359375,0.802734375,,,,3.38135138235598,0.02544504404067993,10.06486701965332,1.310850439882698,,,,,,,,,,,,,
62,15,0,0.6666666666666666,0.8181818181818182,0.25,,,295.77520404000006,264.73599397000004,122,1.5573770491803278,6,0.01513671875,0.787109375,,,,5.0921397837610565,0.002355828881263733,7.537222862243652,1.30517578125,,,,,,,,,,,,,
63,15,0,0.7333333333333333,0.75,0.6666666666666666,,,287.75040152600013,270.1120015999999,117,1.358974358974359,4,0.00830078125,0.796875,,,,5.63318372649536,-0.098584845662117,5.461714267730713,1.2979970688812896,,,,,,,,,,,,,
64,14,0,0.5714285714285714,0.5454545454545454,0.6666666666666666,,,262.88799602999995,236.1280061979999,109,1.4311926605504588,4,0.009765625,0.78125,,,,2.08285558229763,0.05627666413784027,6.337407112121582,1.272238514173998,,,,,,,,,,,,,
65,16,0,0.75,0.8888888888888888,0.5714285714285714,,,314.9919993299997,269.04800164999995,129,1.573643410852713,5,0.01318359375,0.83349609375,,,,7.1331131578947,-0.02913302183151245,6.294445991516113,1.288997555012225,,,,,,,,,,,,,
66,14,0,0.9285714285714286,0.8888888888888888,1.0,,,265.26880517,238.70240639599996,113,1.6194690265486726,6,0.009765625,0.78857421875,,,,11.141285395991828,-0.0570390447974205,4.363465309143066,1.273704789833822,,,,,,,,,,,,,
67,18,0,0.6666666666666666,0.75,0.5,,,343.7040009800001,305.57599975999995,140,1.542857142857143,5,0.00439453125,0.8583984375,,,,5.336645586097195,-0.03855947405099869,7.671113014221191,1.3202742409402546,,,,,,,,,,,,,
68,16,0,0.375,0.45454545454545453,0.2,,,293.2560011999999,303.7599997000001,119,1.4789915966386555,5,0.00634765625,0.86376953125,,,,-3.4323986663574453,-0.0192706361413002,9.253578186035156,1.2841075794621026,,,,,,,,,,,,,
69,17,0,0.6470588235294118,0.6666666666666666,0.5,,,320.7408010999999,307.0720034800001,128,1.4140625,5,0.00830078125,0.880859375,,,,2.002563577561155,-0.04260508716106415,8.098396301269531,1.367237163814181,,,,,,,,,,,,,
70,16,0,0.4375,0.35714285714285715,1.0,,,283.71040079999995,273.824001091,113,1.345132743362832,4,0.0048828125,0.84814453125,,,,-1.448256399406377,-0.09039835631847382,7.716086387634277,1.3103616813294232,,,,,,,,,,,,,
71,14,0,0.7142857142857143,0.6666666666666666,0.8,,,260.9632031499999,232.42400520999996,107,1.4953271028037383,5,0.009765625,0.8779296875,,,,5.827821886969885,-0.09208084642887115,6.309878349304199,1.2804698972099853,,,,,,,,,,,,,
72,16,0,0.6875,0.8,0.5,,,301.8504013300001,272.4720007000001,126,1.6746031746031746,6,0.009765625,0.8642578125,,,,5.104781726295365,0.12575899064540863,8.432454109191895,1.3134474327628363,,,,,,,,,,,,,
73,12,0,0.75,0.8571428571428571,0.6,,,246.50959646,220.1632022299999,101,1.495049504950495,5,0.00634765625,0.853515625,,,,6.823177263590232,0.09274055063724518,5.647513389587402,1.2601466992665036,,,,,,,,,,,,,
74,16,0,0.6875,0.6428571428571429,1.0,,,290.0495982,268.99520514499983,114,1.3508771929824561,4,0.01318359375,0.8623046875,,,,3.4970044568007133,-0.042106710374355316,6.402456760406494,1.3228962818003913,,,,,,,,,,,,,
75,16,0,0.5625,0.5,0.6666666666666666,,,310.05520335,288.62400277999996,125,1.424,4,0.00830078125,0.8876953125,,,,0.6838492770792688,0.04486163705587387,7.427955150604248,1.3013698630136987,,,,,,,,,,,,,
76,16,0,0.4375,0.6666666666666666,0.3,,,303.256801054,293.2496000399998,120,1.35,4,0.0166015625,0.86376953125,,,,-3.0047688741154355,0.0284455344080925,7.625300407409668,1.3002444987775061,,,,,,,,,,,,,
77,16,0,0.625,0.7,0.5,,,278.82400313000005,277.31360318099996,110,1.3272727272727274,3,0.017578125,0.86328125,,,,0.6085151712939021,-0.02688726782798767,6.604047775268555,1.3357807146353402,,,,,,,,,,,,,
78,16,0,0.5,0.6,0.45454545454545453,,,301.056000945,289.2480017859999,113,1.3274336283185841,5,0.0146484375,0.8603515625,,,,-0.7021047418446633,-0.0346321277320385,7.91169548034668,1.318159569260891,,,,,,,,,,,,,
79,18,0,0.6666666666666666,0.8571428571428571,0.5454545454545454,,,329.5744055929999,320.89600359000013,132,1.393939393939394,4,0.01171875,0.89794921875,,,,1.1611726621041447,-0.002725426107645035,8.275524139404297,1.3762230919765166,,,,,,,,,,,,,
80,13,0,0.7692307692307693,0.8571428571428571,0.6666666666666666,,,259.7871974599999,222.34400480999997,109,1.6697247706422018,6,0.01123046875,0.8837890625,,,,7.676414438517873,0.07073800265789032,6.525442123413086,1.2581907090464548,,,,,,,,,,,,,
81,13,0,0.6923076923076923,0.625,0.8,,,241.25840201000005,217.92800101999998,98,1.4285714285714286,5,0.009765625,0.8525390625,,,,4.361035973950466,-0.03497879207134247,7.375431537628174,1.2354380812530592,,,,,,,,,,,,,
82,15,0,0.8,0.7,1.0,,,296.95040014999995,253.20800652999998,117,1.6153846153846154,6,0.0068359375,0.85888671875,,,,7.93928189089171,0.023621002212166786,6.339101314544678,1.3033268101761253,,,,,,,,,,,,,
83,17,0,0.5294117647058824,0.5714285714285714,0.5,,,318.1416012900001,316.3920030999999,130,1.4538461538461538,4,0.00830078125,0.857421875,,,,-1.1681375588760845,-0.03903338313102722,10.27094554901123,1.3253541768441621,,,,,,,,,,,,,
84,15,0,0.9333333333333333,0.8888888888888888,1.0,,,291.47199868999996,270.2640050199999,112,1.3839285714285714,3,0.00927734375,0.84326171875,,,,7.887764301588856,-0.007428750395774841,5.294679164886475,1.289345063538612,,,,,,,,,,,,,
85,17,0,0.6470588235294118,0.6,0.6666666666666666,,,306.3999977,280.54400743999986,117,1.3418803418803418,3,0.005859375,0.8447265625,,,,2.3349788777148603,-0.02026771754026413,8.904714584350586,1.3484848484848484,,,,,,,,,,,,,
86,16,0,0.5,0.5,0.5,,,300.7112020999999,296.0319980999998,117,1.358974358974359,5,0.00634765625,0.83056640625,,,,-1.8740824744276092,0.12443676590919495,10.266841888427734,1.3064516129032258,,,,,,,,,,,,,
87,15,0,0.6666666666666666,0.6666666666666666,0.6666666666666666,,,272.6127997999999,230.42400183999996,111,1.4684684684684686,5,0.009765625,0.796875,,,,5.289096128971456,0.05880928412079811,6.69295072555542,1.2792176039119805,,,,,,,,,,,,,
88,15,0,0.4666666666666667,0.5714285714285714,0.375,,,268.9919994299999,276.61600453,107,1.2990654205607477,4,0.00732421875,0.8349609375,,,,-2.990921647963756,0.1302611380815506,8.458617210388184,1.2899755501222494,,,,,,,,,,,,,
89,16,0,0.4375,0.4,0.45454545454545453,,,281.17440843599996,290.8560000259999,111,1.3063063063063063,4,0.00927734375,0.833984375,,,,-4.08012900348649,-0.015552205964922905,9.017345428466797,1.313629702002931,,,,,,,,,,,,,
90,14,0,0.6428571428571429,0.7142857142857143,0.5714285714285714,,,273.79840103,256.2400013999999,109,1.2844036697247707,4,0.005859375,0.806640625,,,,0.8296227592633917,0.06731102615594864,7.294824600219727,1.2702834799608993,,,,,,,,,,,,,
91,15,0,0.6666666666666666,0.7142857142857143,0.625,,,284.76000122999994,258.55360426,114,1.456140350877193,4,0.01318359375,0.8173828125,,,,2.4591902657403457,-0.011497266590595245,7.448970317840576,1.2733496332518337,,,,,,,,,,,,,
92,15,0,0.6,0.6666666666666666,0.5555555555555556,,,273.25200434499993,274.2080013699999,112,1.3214285714285714,4,0.01611328125,0.8369140625,,,,-0.9594857235867984,-0.038961011916399,5.713817596435547,1.3272994129158513,,,,,,,,,,,,,
93,17,0,0.5294117647058824,0.6,0.42857142857142855,,,317.58240293000006,293.31999915,118,1.3983050847457628,5,0.0078125,0.8662109375,,,,-2.433969224689573,0.14381706714630127,9.419071197509766,1.3455702398433675,,,,,,,,,,,,,
94,15,0,0.6666666666666666,0.6666666666666666,0.6666666666666666,,,277.13600201316285,243.96000307,112,1.4821428571428572,6,0.01611328125,0.8173828125,,,,3.0826476232874858,0.007009489461779594,7.495767116546631,1.3037109375,,,,,,,,,,,,,
95,15,0,0.6,0.6666666666666666,0.5,,,277.7696067039999,261.14400249000005,110,1.4090909090909092,5,0.01123046875,0.82080078125,,,,1.0913074793461282,-0.053301721811294556,7.825747489929199,1.3238886174890083,,,,,,,,,,,,,
96,13,0,0.38461538461538464,0.5,0.3333333333333333,,,259.6080007399999,258.8160041699999,100,1.28,4,0.01416015625,0.82666015625,,,,-5.241453984881836,-0.01018599048256874,6.5482072830200195,1.2688172043010753,,,,,,,,,,,,,
97,14,0,0.5714285714285714,0.5,0.625,,,253.54400088,251.02400678999996,96,1.2083333333333333,3,0.01318359375,0.8125,,,,-0.3289142517607563,-0.03834550827741623,5.578132629394531,1.3088954056695992,,,,,,,,,,,,,
98,14,0,0.35714285714285715,0.3333333333333333,0.4,,,253.66880356,252.71200076999992,102,1.411764705882353,4,0.01171875,0.85400390625,,,,-5.8548426778543625,0.08878593891859055,7.647132873535156,1.3170254403131116,,,,,,,,,,,,,
99,15,0,0.6,0.7777777777777778,0.3333333333333333,,,285.928005714,264.4080023,109,1.3302752293577982,4,0.01318359375,0.80517578125,,,,-1.2227265833365883,-0.057531438767910004,6.693662166595459,1.2966764418377321,,,,,,,,,,,,,
100,16,0,0.4375,0.6,0.36363636363636365,,,287.4544042600001,296.00800215400005,108,1.3055555555555556,3,0.013671875,0.8408203125,,,,-6.070034254060571,-0.056465137749910355,8.971787452697754,1.3540646425073457,,,,,,,,,,,,,
101,16,0,0.375,0.3333333333333333,0.4,,,303.82400057,307.80000010000003,119,1.3277310924369747,5,0.0068359375,0.85205078125,,,,-6.755587657609583,0.07755156606435776,6.587977886199951,1.3134182174338884,,,,,,,,,,,,,
102,17,0,0.47058823529411764,0.5,0.4,,,306.3120020000001,314.14400315,116,1.2758620689655173,3,0.00732421875,0.8525390625,,,,-6.663829236911745,0.050204530358314514,11.997461318969727,1.3330078125,,,,,,,,,,,,,
103,16,0,0.6875,0.6,0.8333333333333334,,,303.2072024099998,297.03920141,125,1.44,5,0.0087890625,0.85986328125,,,,-1.1259672304257349,0.04424784332513809,9.734968185424805,1.3255131964809383,,,,,,,,,,,,,
104,18,0,0.5,0.5,0.5,,,331.5536011499999,329.17360213999984,137,1.437956204379562,5,0.0078125,0.8876953125,,,,-5.990153962526884,0.13559678196907043,8.226318359375,1.3330073349633251,,,,,,,,,,,,,
105,16,0,0.6875,0.7777777777777778,0.5714285714285714,,,303.5520011000001,253.32000003000002,118,1.6440677966101696,7,0.00927734375,0.8349609375,,,,4.213040606278222,0.11530021578073502,7.184591770172119,1.3147332354380812,,,,,,,,,,,,,
106,14,0,0.8571428571428571,0.9,0.75,,,275.7919997299999,255.73440033999998,105,1.361904761904762,4,0.0078125,0.84033203125,,,,3.9452522555606495,0.03156276419758797,7.250615119934082,1.2887151929653151,,,,,,,,,,,,,
107,18,0,0.2777777777777778,0.4,0.23076923076923078,,,313.60720362000006,310.69600379999974,120,1.3333333333333333,4,0.0048828125,0.86865234375,,,,-9.1588617680214,0.0352528840303421,10.307687759399414,1.3773216031280548,,,,,,,,,,,,,
108,17,0,0.4117647058823529,0.2222222222222222,0.625,,,335.8720061999997,327.90719885,128,1.34375,4,0.0048828125,0.87451171875,,,,-9.071107668788807,0.14528575539588928,8.868810653686523,1.319804400977995,,,,,,,,,,,,,
109,17,0,0.6470588235294118,0.5555555555555556,0.75,,,324.1695980299999,291.80000163000005,124,1.3870967741935485,4,0.00244140625,0.84130859375,,,,-0.22071490401583957,0.016576115041971207,7.89431095123291,1.3514173998044965,,,,,,,,,,,,,
110,15,0,0.7333333333333333,0.6666666666666666,1.0,,,286.86880314999985,256.08159801999994,109,1.6972477064220184,6,0.00341796875,0.85791015625,,,,4.684075691378877,0.1337912529706955,10.943883895874023,1.2819383259911894,,,,,,,,,,,,,
111,18,0,0.4444444444444444,0.4444444444444444,0.4444444444444444,,,312.9488018999999,315.5152000500001,124,1.3790322580645162,4,0.00537109375,0.8662109375,,,,-6.074879492774833,0.11725875735282898,10.823710441589355,1.3444227005870841,,,,,,,,,,,,,
112,16,0,0.625,0.6,0.6363636363636364,,,309.12000126999976,281.7600033199999,117,1.435897435897436,5,0.00732421875,0.86572265625,,,,-0.25304193508175654,0.06849928200244904,7.449560165405273,1.3305623471882642,,,,,,,,,,,,,
113,16,0,0.5,0.5,0.5,,,306.53599812000004,292.08800275000004,117,1.393162393162393,4,0.001953125,0.88037109375,,,,-3.418916788331294,0.0537685863673687,6.0883893966674805,1.3201368523949168,,,,,,,,,,,,,
114,17,0,0.47058823529411764,0.5454545454545454,0.3333333333333333,,,293.8440026239999,280.61600204999996,118,1.423728813559322,4,0.00146484375,0.87548828125,,,,-5.185797416970413,0.08626066893339157,8.7821626663208,1.3188264058679706,,,,,,,,,,,,,
115,16,0,0.4375,0.4,0.45454545454545453,,,293.8319978299999,302.4336047799999,114,1.4473684210526316,6,0.00634765625,0.8662109375,,,,-5.9692178609868485,0.05318634957075119,11.728043556213379,1.3108174253548703,,,,,,,,,,,,,
116,16,0,0.6875,0.5714285714285714,0.7777777777777778,,,307.0400037029999,280.20000008999995,118,1.5423728813559323,5,0.0078125,0.87255859375,,,,1.5295951852553251,0.04010502249002457,8.35513687133789,1.3206069505628977,,,,,,,,,,,,,
117,19,0,0.42105263157894735,0.35714285714285715,0.6,,,337.3311979999999,339.9359996000001,138,1.391304347826087,5,0.00439453125,0.88330078125,,,,-8.519454899573896,0.08735589683055878,9.433432579040527,1.4119373776908024,,,,,,,,,,,,,
118,17,0,0.6470588235294118,0.7,0.5714285714285714,,,308.74000580000006,287.2400096299998,119,1.3445378151260505,4,0.00732421875,0.88134765625,,,,-1.394138452561749,0.06479067355394363,12.075136184692383,1.36980947728383,,,,,,,,,,,,,
119,16,0,0.625,0.4,1.0,,,297.1872040999999,299.967999603,113,1.247787610619469,4,0.00390625,0.89453125,,,,-3.1235743878664395,0.1033775582909584,7.427834987640381,1.3228962818003913,,,,,,,,,,,,,
120,17,0,0.5294117647058824,0.36363636363636365,0.8333333333333334,,,334.1936044899999,318.51200137000006,128,1.3828125,4,0.00537109375,0.8955078125,,,,-6.601736426177601,0.07962162792682648,12.62373161315918,1.3390327308255985,,,,,,,,,,,,,
121,16,0,0.6875,0.8333333333333334,0.6,,,295.6112020349998,292.99200369999994,121,1.322314049586777,3,0.005859375,0.86328125,,,,-2.9733874657498625,0.03644254058599472,10.14648151397705,1.3206256109481915,,,,,,,,,,,,,
122,18,0,0.7222222222222222,0.8461538461538461,0.4,,,319.44639890000013,285.06400189999994,126,1.5555555555555556,6,0.005859375,0.88623046875,,,,-1.4197532267154642,-0.0533561185002327,14.002174377441406,1.35466536394724,,,,,,,,,,,,,
123,16,0,0.625,0.45454545454545453,1.0,,,306.39920362699996,311.73599963599986,115,1.2782608695652173,5,0.00439453125,0.89990234375,,,,-2.8840235555769747,0.03593696653842926,9.8279447555542,1.346059716103769,,,,,,,,,,,,,
124,17,0,0.6470588235294118,0.7,0.5714285714285714,,,294.75360159999985,291.78400614999987,115,1.4434782608695653,4,0.0068359375,0.8935546875,,,,-4.7354444568321075,0.01971566677093506,8.262275695800781,1.366389838788471,,,,,,,,,,,,,
125,18,0,0.3333333333333333,0.5714285714285714,0.18181818181818182,,,320.54399731,332.7680000999999,127,1.330708661417323,3,0.00146484375,0.90478515625,,,,-11.32287885067683,0.05023614317178726,9.879342079162598,1.3429549902152642,,,,,,,,,,,,,
126,18,0,0.2222222222222222,0.2222222222222222,0.2222222222222222,,,313.43040463000017,334.8240024000001,124,1.3387096774193548,3,0.00048828125,0.92626953125,,,,-15.618239109426478,0.09409887343645096,9.234272003173828,1.3455522971652003,,,,,,,,,,,,,
127,16,0,0.5625,0.4,0.8333333333333334,,,312.4320007459998,295.7919969,123,1.3495934959349594,4,0.00341796875,0.85888671875,,,,-3.5670628607601556,0.011119231581687927,8.177597999572754,1.297799511002445,,,,,,,,,,,,,
128,17,0,0.5882352941176471,0.5,0.7142857142857143,,,307.45440633,307.87200033000005,120,1.3083333333333333,3,0.0029296875,0.8984375,,,,-4.120060458817373,0.006704840809106827,8.073590278625488,1.3372491434165443,,,,,,,,,,,,,
129,18,0,0.4444444444444444,0.3333333333333333,0.5555555555555556,,,306.77439838999993,320.83200212400004,122,1.4918032786885247,6,0.001953125,0.91259765625,,,,-10.431968225633769,0.033697459846735,10.220386505126953,1.39247311827957,,,,,,,,,,,,,
130,17,0,0.5294117647058824,0.6363636363636364,0.3333333333333333,,,315.4936008760001,290.8400020999999,122,1.4098360655737705,4,0.00146484375,0.900390625,,,,-3.63322822919601,-0.0162525475025177,9.965794563293457,1.3946210268948656,,,,,,,,,,,,,
131,19,0,0.47368421052631576,0.5714285714285714,0.4166666666666667,,,344.31200294499996,337.30400250000014,130,1.3615384615384616,4,0.001953125,0.9189453125,,,,-10.264359732291728,0.09117719531059265,7.051002502441406,1.3792766373411536,,,,,,,,,,,,,
132,17,0,0.4117647058823529,0.3,0.5714285714285714,,,299.41600003999974,319.3040025600001,117,1.2820512820512822,3,0.0009765625,0.92919921875,,,,-11.934113831117518,-0.006460905075073242,11.394295692443848,1.3435972629521016,,,,,,,,,,,,,
133,18,0,0.3333333333333333,0.0,0.5,,,297.88799769999974,321.7919963400001,112,1.3214285714285714,4,0.00048828125,0.94140625,,,,-11.055633235149019,0.009056154638528824,7.852275371551514,1.336754643206256,,,,,,,,,,,,,
134,18,0,0.4444444444444444,0.2857142857142857,0.5454545454545454,,,323.38720039099985,315.31200576000015,128,1.3828125,4,0.001953125,0.93505859375,,,,-8.948147338751888,-0.016348816454410553,7.7242021560668945,1.4005862237420617,,,,,,,,,,,,,
135,17,0,0.47058823529411764,0.75,0.38461538461538464,,,310.33599835399997,319.32799769,121,1.3801652892561984,5,0.0,0.9306640625,,,,-7.369221782068174,-0.14057333767414093,14.382832527160645,1.3387096774193548,,,,,,,,,,,,,
136,18,0,0.3333333333333333,0.2,0.5,,,293.9584009000001,319.2560013999999,114,1.2456140350877194,3,0.00146484375,0.93359375,,,,-12.840184714979864,0.0015574060380458832,7.888293743133545,1.3302393746946752,,,,,,,,,,,,,
137,16,0,0.5,0.5714285714285714,0.4444444444444444,,,288.4568033400001,293.248001125,119,1.5378151260504203,6,0.00048828125,0.9482421875,,,,-7.532112953961175,-0.08315735310316086,10.208352088928223,1.3398533007334963,,,,,,,,,,,,,
138,16,0,0.5625,0.5,0.625,,,300.61440576999996,285.06400501999997,116,1.5517241379310345,6,0.0,0.91357421875,,,,-3.7630928544314752,-0.05676797777414322,8.249374389648438,1.3419638495359063,,,,,,,,,,,,,
139,16,0,0.4375,0.38461538461538464,0.6666666666666666,,,291.69439992,289.80000340000015,115,1.3565217391304347,4,0.00048828125,0.9326171875,,,,-6.708164025919329,0.06519080698490143,9.974699974060059,1.3023937469467513,,,,,,,,,,,,,
140,16,0,0.5,0.5714285714285714,0.4444444444444444,,,292.49199949999996,292.14399978999995,113,1.336283185840708,5,0.00048828125,0.91259765625,,,,-7.172683796618346,0.07136009633541107,9.290460586547852,1.338875305623472,,,,,,,,,,,,,
141,17,0,0.6470588235294118,0.5454545454545454,0.8333333333333334,,,302.0103982899999,314.41600052,119,1.3277310924369747,5,0.00146484375,0.9189453125,,,,-6.194969149459701,-0.0023589879274368286,10.138601303100586,1.321603128054741,,,,,,,,,,,,,
142,16,0,0.375,0.3333333333333333,0.42857142857142855,,,303.86800237399996,307.40000323999965,118,1.2881355932203389,3,0.00048828125,0.9365234375,,,,-10.555688442604373,-0.05749131366610527,13.031551361083984,1.305324865657059,,,,,,,,,,,,,
143,16,0,0.6875,0.5,0.8,,,295.9968021,284.456003091,113,1.3893805309734513,5,0.0,0.9287109375,,,,-1.8421035981085145,-0.06098254770040512,11.070277214050293,1.3271393643031786,,,,,,,,,,,,,
144,18,0,0.4444444444444444,0.5,0.4166666666666667,,,329.83200081999996,314.44000129000005,129,1.4883720930232558,7,0.0009765625,0.94091796875,,,,-9.420239482946975,0.054704539477825165,7.82934045791626,1.3587860988742047,,,,,,,,,,,,,
145,17,0,0.4117647058823529,0.5555555555555556,0.25,,,294.2399987,308.79200039999984,112,1.3125,3,0.00048828125,0.92138671875,,,,-9.682089779125958,-0.02027251571416855,10.078855514526367,1.3558162267839686,,,,,,,,,,,,,
146,17,0,0.4117647058823529,0.25,0.46153846153846156,,,309.9840019199999,314.9840007970001,119,1.2352941176470589,4,0.0,0.89453125,,,,-6.768955217501845,0.07925079762935638,9.14393424987793,1.3372434017595307,,,,,,,,,,,,,
147,18,0,0.4444444444444444,0.42857142857142855,0.45454545454545453,,,318.1832049835,300.6416024,128,1.4140625,5,0.0,0.90185546875,,,,-5.965293981675561,0.0014589596539735794,9.043303489685059,1.345721271393643,,,,,,,,,,,,,
148,16,0,0.5625,0.7142857142857143,0.4444444444444444,,,304.4216014499999,294.80000516999985,114,1.280701754385965,4,0.0009765625,0.93603515625,,,,-5.505602703795178,0.06926783919334412,7.697335720062256,1.3370841487279843,,,,,,,,,,,,,
149,16,0,0.625,0.5555555555555556,0.7142857142857143,,,302.6768036500001,278.7360102300001,117,1.3418803418803418,6,0.0,0.8994140625,,,,-2.6499632978657104,-0.04671601578593254,6.3277716636657715,1.3302393746946752,,,,,,,,,,,,,
150,16,0,0.75,0.5,1.0,,,305.93759888100004,277.60800368,116,1.4396551724137931,5,0.0009765625,0.90966796875,,,,0.9541253046872948,-0.05703455209732056,10.303335189819336,1.3440860215053763,,,,,,,,,,,,,
151,16,0,0.5625,0.3333333333333333,0.8571428571428571,,,304.76959770999997,285.992001474,115,1.3043478260869565,4,0.0009765625,0.91455078125,,,,-3.426292787771984,0.03768058121204376,7.338909149169922,1.313782991202346,,,,,,,,,,,,,
152,16,0,0.625,0.625,0.625,,,293.2000023999998,282.811203286,111,1.3603603603603605,5,0.00048828125,0.904296875,,,,-4.1842942549503,-0.009605810046195984,8.304889678955078,1.3528836754643205,,,,,,,,,,,,,
153,15,0,0.6666666666666666,0.75,0.3333333333333333,,,272.84640229999997,238.78399733999996,114,1.5789473684210527,6,0.00048828125,0.90625,,,,1.7251701831264488,-0.022869866341352463,8.793253898620605,1.3304007820136852,,,,,,,,,,,,,
154,15,0,0.4666666666666667,0.5714285714285714,0.375,,,272.9928034029999,276.80799964999994,106,1.3773584905660377,6,0.0,0.90771484375,,,,-4.93797049798617,0.11473223567008972,8.220890998840332,1.304496578690127,,,,,,,,,,,,,
155,15,0,0.5333333333333333,0.6,0.4,,,287.849606587,274.2720042700001,116,1.396551724137931,4,0.00146484375,0.91064453125,,,,-2.871124593765933,0.07770000398159027,5.90175724029541,1.2904645476772616,,,,,,,,,,,,,
156,18,0,0.3333333333333333,0.2,0.5,,,296.60800215999996,301.20800109000004,115,1.382608695652174,4,0.00048828125,0.90576171875,,,,-8.811769888435535,-0.04399202764034271,7.139949798583984,1.4084231145935358,,,,,,,,,,,,,
157,15,0,0.4666666666666667,0.375,0.5714285714285714,,,273.7679979100001,287.047998675,108,1.3055555555555556,3,0.00048828125,0.90283203125,,,,-8.783046677951848,0.030118636786937714,5.183981418609619,1.3127753303964758,,,,,,,,,,,,,
158,15,0,0.5333333333333333,0.5,0.5555555555555556,,,296.72559997,277.40000569999995,115,1.4260869565217391,5,0.00146484375,0.89599609375,,,,-3.3731737190355044,-0.03861617296934128,8.12252426147461,1.3224230581338545,,,,,,,,,,,,,
159,17,0,0.47058823529411764,0.4,0.5714285714285714,,,292.0904048300001,300.03199774,115,1.3130434782608695,3,0.00048828125,0.90625,,,,-8.89699098743985,-0.019481319934129715,10.271037101745605,1.3439334637964775,,,,,,,,,,,,,
160,15,0,0.3333333333333333,0.3333333333333333,0.3333333333333333,,,264.5040000199999,284.4800018334999,104,1.2692307692307692,4,0.0009765625,0.89501953125,,,,-13.30975734001264,0.10597484558820724,8.45313549041748,1.3146067415730338,,,,,,,,,,,,,
161,16,0,0.5625,0.875,0.25,,,298.79200496500005,279.22400173999984,117,1.3162393162393162,3,0.001953125,0.88427734375,,,,-3.6601684662167298,0.06831604242324829,7.561313629150391,1.3641703377386196,,,,,,,,,,,,,
162,14,0,0.7142857142857143,0.8888888888888888,0.4,,,267.29520495,256.72799993199993,105,1.5142857142857142,5,0.0,0.91552734375,,,,-2.267732403938369,0.10782232880592346,7.517580509185791,1.3154296875,,,,,,,,,,,,,
163,15,0,0.6,0.5,0.8,,,282.2880001799999,277.68800223999995,112,1.3035714285714286,3,0.00048828125,0.892578125,,,,-4.511639849846784,-0.07656756043434143,5.880731105804443,1.3300685602350637,,,,,,,,,,,,,
164,16,0,0.6875,0.75,0.5,,,282.55520655999993,270.2800061699999,110,1.309090909090909,3,0.00048828125,0.888671875,,,,-2.311277258879101,0.07817932963371277,7.767324447631836,1.35107421875,,,,,,,,,,,,,
165,16,0,0.375,0.2857142857142857,0.4444444444444444,,,274.0767980899999,284.19999906000004,112,1.4464285714285714,6,0.00048828125,0.90478515625,,,,-11.161128212704668,0.034697581082582474,5.967538356781006,1.3294232649071358,,,,,,,,,,,,,
166,15,0,0.5333333333333333,0.5714285714285714,0.5,,,286.87200238999986,291.5760072699998,115,1.2608695652173914,3,0.00048828125,0.896484375,,,,-6.467382246898383,0.22783461213111877,11.047811508178711,1.3299120234604105,,,,,,,,,,,,,
167,16,0,0.5,0.4444444444444444,0.5714285714285714,,,282.2880035940001,269.6400013,107,1.3831775700934579,6,0.00048828125,0.9072265625,,,,-6.387693343203178,-0.10893291980028152,10.50759220123291,1.3299120234604105,,,,,,,,,,,,,
168,15,0,0.4,0.45454545454545453,0.25,,,281.4432061999999,287.0480075199998,118,1.3559322033898304,4,0.0,0.904296875,,,,-9.999184551001058,0.007832968607544899,5.977155685424805,1.313629702002931,,,,,,,,,,,,,
169,16,0,0.625,0.6363636363636364,0.6,,,310.0640010900002,280.70400330000007,120,1.3583333333333334,4,0.0,0.90771484375,,,,-0.2062768086656377,0.0797627866268158,12.481212615966797,1.3204689789936492,,,,,,,,,,,,,
170,15,0,0.6666666666666666,0.7777777777777778,0.5,,,267.18399931,251.36000267000003,101,1.306930693069307,3,0.00146484375,0.9072265625,,,,-3.9908706216928787,-0.05373485013842583,8.29904556274414,1.32861328125,,,,,,,,,,,,,
171,15,0,0.5333333333333333,0.5,0.5714285714285714,,,288.29119969,286.98400646000005,114,1.3157894736842106,4,0.00048828125,0.8876953125,,,,-6.540459495612599,0.05465582385659218,7.266293048858643,1.3142717497556207,,,,,,,,,,,,,
172,15,0,0.7333333333333333,0.75,0.7142857142857143,,,262.15839965999993,249.32800300999995,104,1.3365384615384615,3,0.0,0.89990234375,,,,-1.0610930478732756,-0.0025252727791666985,8.099220275878906,1.3063019052271616,,,,,,,,,,,,,
173,16,0,0.25,0.14285714285714285,0.3333333333333333,,,281.5056026899999,319.2720054299999,113,1.2831858407079646,5,0.0,0.92724609375,,,,-20.001605141060633,0.10868582874536514,7.211736679077148,1.345890410958904,,,,,,,,,,,,,
174,15,0,0.6,0.5,0.7142857142857143,,,266.33120045999993,268.2879964,108,1.2962962962962963,3,0.0,0.896484375,,,,-5.414998533983826,0.03802080452442169,8.881364822387695,1.2992665036674818,,,,,,,,,,,,,
175,15,0,0.6,0.6666666666666666,0.5,,,271.37600689499993,286.0880026139999,107,1.308411214953271,3,0.0,0.9033203125,,,,-4.616971792757782,0.004368099384009838,5.316058158874512,1.323716381418093,,,,,,,,,,,,,
176,16,0,0.4375,0.4,0.5,,,287.1680084399999,289.75200149999995,109,1.275229357798165,4,0.0,0.91650390625,,,,-10.751043390662117,0.03354789316654205,9.965442657470703,1.3299069995105237,,,,,,,,,,,,,
177,15,0,0.4,0.5,0.36363636363636365,,,258.38560358999996,282.11200169999995,104,1.2788461538461537,4,0.0,0.927734375,,,,-10.842283157433497,0.03926524519920349,8.784924507141113,1.3290891283055828,,,,,,,,,,,,,
178,14,0,0.5,0.5,0.5,,,266.832002981,275.4160024599999,104,1.2307692307692308,4,0.00048828125,0.90869140625,,,,-7.790313231521454,-0.1095927357673645,9.873123168945312,1.2486539402838963,,,,,,,,,,,,,
179,16,0,0.375,0.42857142857142855,0.3333333333333333,,,261.46720390400003,278.31199817399994,105,1.2857142857142858,3,0.0009765625,0.92626953125,,,,-15.820634453504601,-0.12234020233154297,8.614392280578613,1.3297455968688845,,,,,,,,,,,,,
180,15,0,0.6666666666666666,0.6,0.8,,,251.50320474000003,263.78400135,98,1.2448979591836735,3,0.0,0.9228515625,,,,-9.532729564009616,-0.005488120019435883,10.118486404418945,1.3080684596577017,,,,,,,,,,,,,
181,14,0,0.42857142857142855,0.4444444444444444,0.4,,,233.32800148599992,271.12800247999996,91,1.2417582417582418,3,0.0009765625,0.91650390625,,,,-13.590170818266078,-0.12853649258613586,6.843888759613037,1.2808988764044944,,,,,,,,,,,,,
182,16,0,0.4375,0.42857142857142855,0.4444444444444444,,,275.7680039099999,286.67200428999996,106,1.3584905660377358,6,0.0,0.93701171875,,,,-18.36078151824554,-0.005194142460823059,18.287010192871094,1.3372434017595307,,,,,,,,,,,,,
1,8,0,0.75,0.75,nan,,,152.58399985,123.88800234,64,1.96875,10,0.00048828125,0.90283203125,,,,-1.8044154582524206,0.06685860455036163,4.3271284103393555,1.2017495899398578,,,,,,,,,,,,,
2,2,1,0.0,0.0,nan,,,46.8160032,17.3600006,21,2.619047619047619,6,0.0009765625,0.890625,,,,-42.1816822042855,0.005370870232582092,2.117237091064453,2.11669921875,,,,,,,,,,,,,
3,20,0,0.65,0.65,nan,,,179.38879878500003,179.80800099999993,99,1.404040404040404,4,0.00048828125,0.93798828125,,,,-20.41588461963437,0.0677952840924263,10.247343063354492,1.2626953125,,,,,,,,,,,,,
4,6,1,0.16666666666666666,0.16666666666666666,nan,,,67.45999979999999,80.0,42,1.4523809523809523,3,0.0,0.89892578125,,,,-60.238293938186,0.019732896238565445,4.4344892501831055,1.11181640625,,,,,,,,,,,,,
5,1,1,0.0,0.0,nan,,,0.0,0.0,0,0.0,0,0.0,0.73486328125,,,,-15.966020212909074,0.0726763904094696,0.007105757016688585,1.0,,,,,,,,,,,,,
6,2,2,0.0,0.0,nan,,,0.0,0.0,0,0.0,0,0.0,0.85400390625,,,,-19.3602636981816,-0.02150750905275345,0.7115030288696289,1.0,,,,,,,,,,,,,
1,8,0,0.875,0.6666666666666666,nan,1.0,,165.98719999999997,73.49119570000002,98,3.693877551020408,15,0.1201171875,0.86376953125,,0.13097713097713098,-0.487553728912295,13.779584181773846,0.04536162316799164,6.234520435333252,1.1524422973698336,,,,,,,,,,,,,
2,8,0,0.75,0.6,nan,1.0,,153.2391962,106.35439996999997,79,1.7721518987341771,8,0.1201171875,0.8916015625,,0.11594202898550725,-1.2894442361492309,4.37525125267795,-0.025960959494113922,6.081833839416504,1.1626770884220812,,,,,,,,,,,,,
3,9,0,0.8888888888888888,1.0,nan,0.75,,177.6391998,102.68400269999998,96,3.2604166666666665,12,0.1044921875,0.91552734375,,0.12093023255813953,-2.1635505967643502,0.6492073269651577,0.06735709309577942,5.170880317687988,1.164142647777235,,,,,,,,,,,,,
4,8,0,0.875,0.8571428571428571,nan,1.0,,146.46079673000006,101.09679657999999,74,1.5405405405405406,4,0.107421875,0.87646484375,,0.07142857142857142,-1.2959730206515596,9.384956761746198,-0.10710033774375916,5.146036148071289,1.1587689301416708,,,,,,,,,,,,,
5,9,0,0.6666666666666666,0.5714285714285714,nan,1.0,,162.36799904399996,133.94560025000004,94,2.223404255319149,12,0.0947265625,0.873046875,,0.11488250652741515,-1.695333950180533,-5.076981213994584,-0.026168741285800934,5.515801906585693,1.1474609375,,,,,,,,,,,,,
6,1,1,0.0,nan,nan,0.0,,0.0,0.0,0,0.0,0,0.091796875,0.55908203125,,0.0,57.13696510467958,-37.478437376286955,-0.06047689914703369,0.3311954140663147,1.0,,,,,,,,,,,,,
7,2,2,0.0,0.0,nan,nan,,0.0,0.0,0,0.0,0,0.14501953125,0.68701171875,,0.0,42.276301361347926,-28.1623603757529,0.024982063099741936,0.6013774871826172,1.0,,,,,,,,,,,,,
1,8,0,0.625,0.4,nan,1.0,0.0,146.96800159000003,104.63200040000004,72,2.263888888888889,12,0.12255859375,0.91455078125,,0.09933774834437085,-1.5153375805459084,0.6349723266877847,0.06092752143740654,7.574954509735107,1.1582804103566195,,,,,,,,,,,,,
2,9,0,0.8888888888888888,0.6666666666666666,nan,1.0,1.0,183.75119674000004,63.308001,116,4.560344827586207,15,0.09130859375,0.8896484375,,0.12446958981612447,-1.521159131270474,12.728337842445555,-0.17122851312160492,6.876438140869141,1.1866145578895946,,,,,,,,,,,,,
3,10,0,0.6,0.42857142857142855,nan,1.0,0.3333333333333333,164.9408018,123.88239969999998,91,2.758241758241758,12,0.08837890625,0.8935546875,,0.21017699115044247,-1.537919046661714,-7.544857996983876,0.04086459055542946,6.373038291931152,1.1947162426614482,,,,,,,,,,,,,
4,10,0,0.7,0.5714285714285714,nan,1.0,1.0,188.50319642000005,152.93520089999998,92,2.282608695652174,9,0.078125,0.89599609375,,0.1828193832599119,-2.137306913637811,-0.07001295795032245,-0.21588096022605896,7.365727424621582,1.1853300733496333,,,,,,,,,,,,,
5,10,0,0.7,0.625,nan,1.0,0.3333333333333333,176.6352010000001,142.85199729999997,94,2.223404255319149,12,0.0849609375,0.89306640625,,0.1675531914893617,-2.2408414481323904,-2.9499916988911368,0.041326895356178284,6.028067111968994,1.1946210268948656,,,,,,,,,,,,,
6,10,0,0.7,0.5,nan,1.0,0.3333333333333333,178.01360119999998,106.17760060000003,97,3.8762886597938144,14,0.09033203125,0.908203125,,0.11618257261410789,-1.8876662160644044,6.735257268072578,0.03504741191864014,4.790070056915283,1.193942354665364,,,,,,,,,,,,,
7,10,0,0.6,0.5714285714285714,nan,0.6666666666666666,0.75,201.3456028,145.428802873,103,3.1262135922330097,16,0.060546875,0.908203125,,0.19642857142857142,-2.1138501766900912,-8.186688624006138,-0.059892043471336365,5.582828521728516,1.2200488997555012,,,,,,,,,,,,,
8,11,0,0.6363636363636364,0.5555555555555556,nan,1.0,0.6666666666666666,181.71760095,141.34240040000003,97,2.9278350515463916,16,0.072265625,0.92431640625,,0.19672131147540983,-2.686574565064588,-5.387940540976633,0.08142225444316864,5.833758354187012,1.1937377690802349,,,,,,,,,,,,,
1,8,0,0.5,0.5,nan,0.5,0.5,144.08720140000005,124.1167985,74,2.4054054054054053,13,0.1240234375,0.9267578125,,0.13897280966767372,-2.63014518371906,-6.775202600574348,0.01512787863612175,4.766313552856445,1.1543722520762092,,,,,,,,,,,,,
2,9,0,0.7777777777777778,0.8333333333333334,nan,0.6666666666666666,0.0,167.43520025,119.37200223999999,82,1.975609756097561,10,0.12109375,0.8720703125,,0.11688311688311688,-0.8267483329504709,7.7693762202683745,-0.02665793150663376,6.469797134399414,1.1622678396871946,,,,,,,,,,,,,
3,9,0,0.6666666666666666,0.6666666666666666,nan,0.6666666666666666,0.0,186.097602,166.4791999,84,1.4761904761904763,5,0.1005859375,0.91552734375,,0.14987080103359174,-1.5225592259780263,-3.6414972335619504,-0.050415925681591034,4.967850685119629,1.157791890571568,,,,,,,,,,,,,
4,9,0,0.6666666666666666,0.7142857142857143,nan,0.5,0.5,159.42160004000004,141.63680040000006,78,1.4615384615384615,4,0.1025390625,0.9140625,,0.15306122448979592,-1.7391209558215122,-3.840870690611224,0.027687624096870422,4.397512435913086,1.1634850709740578,,,,,,,,,,,,,
5,10,0,0.6,0.5,nan,0.75,0.0,187.63200159,136.78719710000001,91,1.7362637362637363,5,0.107421875,0.89794921875,,0.12534059945504086,-1.6570291599782312,-1.948729194669919,0.004626117646694183,10.061545372009277,1.1844422700587085,,,,,,,,,,,,,
6,10,0,0.8,0.7777777777777778,nan,1.0,0.8,169.72320218999997,163.16400020000003,81,1.6049382716049383,5,0.09228515625,0.912109375,,0.18615751789976134,-1.9715091243973486,-5.497601521973401,-0.0017041079699993134,7.4718732833862305,1.18603515625,,,,,,,,,,,,,
7,11,0,0.6363636363636364,0.4,nan,0.8333333333333334,0.6,214.74640305999998,167.66320040000008,100,1.71,7,0.0986328125,0.9150390625,,0.22758620689655173,-3.8433594881757744,-10.11638642691713,0.035761915147304535,8.184645652770996,1.1968734733756716,,,,,,,,,,,,,
8,11,0,0.6363636363636364,0.5,nan,1.0,0.3333333333333333,187.17919859999998,166.76399919999997,86,1.930232558139535,8,0.087890625,0.91650390625,,0.20941176470588235,-2.0716910389380154,-4.5906335827537665,-0.04529426619410515,8.24984359741211,1.2116324535679375,,,,,,,,,,,,,
9,9,0,0.5555555555555556,0.3333333333333333,nan,1.0,0.3333333333333333,171.20719771699999,120.80479969999996,85,2.635294117647059,12,0.087890625,0.88134765625,,0.17176470588235293,-2.599122867946451,-0.8926416646998843,-0.08837717026472092,6.125524520874023,1.1544477028347997,,,,,,,,,,,,,
10,11,0,0.6363636363636364,0.625,nan,0.6666666666666666,0.25,181.80800239999994,155.37119908000003,89,1.7752808988764044,5,0.07373046875,0.86767578125,,0.16142557651991615,-1.5343524108254019,-2.6053454140980703,-0.04895321652293205,8.77035903930664,1.19559902200489,,,,,,,,,,,,,
11,12,0,0.8333333333333334,0.75,nan,0.875,0.7142857142857143,226.49839809999992,156.39359950000005,109,2.036697247706422,7,0.06396484375,0.8857421875,,0.2129032258064516,-2.413527301269112,0.375890279657908,0.03831001743674278,7.326546669006348,1.235812133072407,,,,,,,,,,,,,
12,11,0,0.7272727272727273,0.5714285714285714,nan,1.0,0.6666666666666666,207.5152030200001,143.11600442,99,2.111111111111111,9,0.06591796875,0.87060546875,,0.14840182648401826,-2.2669070991252624,4.731749915392325,-0.04451136663556099,6.183952331542969,1.222276502198339,,,,,,,,,,,,,
13,13,0,0.7692307692307693,0.625,nan,1.0,0.5,230.82559788000006,147.95359880000004,122,2.7049180327868854,12,0.04736328125,0.90625,,0.16283524904214558,-3.093022829152974,3.746076241809923,0.09503825008869171,10.443809509277344,1.22607421875,,,,,,,,,,,,,
14,10,0,0.7,0.5714285714285714,nan,1.0,0.3333333333333333,191.25999880000006,131.43120049999996,93,2.6451612903225805,12,0.0546875,0.8740234375,,0.12240184757505773,-1.1418759957726752,1.4102721077535647,0.0016901344060897827,5.7918524742126465,1.187683284457478,,,,,,,,,,,,,
15,11,0,0.6363636363636364,0.5714285714285714,nan,0.75,0.8,210.78240082000002,158.5176032,110,2.6,14,0.0458984375,0.89013671875,,0.2003780718336484,-1.8856585543536186,-0.5059773486961274,0.03847702592611313,7.814977169036865,1.2096774193548387,,,,,,,,,,,,,
16,11,0,0.8181818181818182,0.6666666666666666,nan,1.0,0.6666666666666666,211.1256028999999,151.85760195999998,109,2.467889908256881,13,0.0400390625,0.8857421875,,0.20824742268041238,-2.574376978449446,-5.164991548858335,0.11129623651504517,7.249390125274658,1.236932095749878,,,,,,,,,,,,,
17,12,0,0.75,0.625,nan,1.0,0.6666666666666666,220.25199992999995,142.99520453,104,2.25,9,0.05615234375,0.86669921875,,0.16524216524216523,-1.9088151183410416,4.5266440633464695,-0.006450699642300606,6.591643333435059,1.2228739002932552,,,,,,,,,,,,,
18,12,0,0.5,0.4444444444444444,nan,0.6666666666666666,0.25,193.93519357500003,195.68080017000003,95,1.7473684210526317,6,0.05322265625,0.8994140625,,0.1920374707259953,-3.4013804074101843,-15.763888566139764,0.043765340000391006,9.988014221191406,1.408223201174743,,,,,,,,,,,,,
19,12,0,0.5833333333333334,0.4444444444444444,nan,1.0,0.0,203.49759827999998,174.52000436999998,101,2.376237623762376,11,0.046875,0.87939453125,,0.16444444444444445,-2.0065682706066985,-1.6632921579349196,-0.17105558514595032,9.443159103393555,1.2159257449926721,,,,,,,,,,,,,
20,12,0,0.75,0.625,nan,1.0,0.3333333333333333,226.1143968000001,136.14400105,115,3.139130434782609,14,0.04345703125,0.87939453125,,0.17073170731707318,-2.3485801906272443,4.816750907706896,0.003610691986978054,5.876070022583008,1.2150537634408602,,,,,,,,,,,,,
1,7,0,0.42857142857142855,0.3333333333333333,nan,1.0,1.0,129.15119790000003,132.8615973,63,1.4126984126984128,4,0.12548828125,0.904296875,0.04248046875,0.20883534136546184,-1.4113798459092244,-9.757380438944958,-0.01713993400335312,6.203642845153809,1.0,,,,,,,,,,,,,
2,9,0,0.6666666666666666,0.75,nan,0.6,1.0,156.27520232999998,140.59279815999997,74,1.7027027027027026,7,0.123046875,0.90087890625,0.0625,0.21470588235294116,-2.130097854597834,-7.740513553487334,0.11739815771579742,7.648592948913574,1.0092818759159745,,,,,,,,,,,,,
3,8,0,0.375,0.4,nan,0.3333333333333333,0.0,134.50799961,120.47119986999999,68,2.0,10,0.1552734375,0.91064453125,0.0634765625,0.5352480417754569,0.5262077431491918,-37.332163088468135,0.04932241141796112,8.691972732543945,1.003419638495359,,,,,,,,,,,,,
4,9,0,0.6666666666666666,0.6,nan,0.75,0.5,181.6903968,120.5527974,86,2.36046511627907,11,0.115234375,0.8984375,0.056640625,0.1694915254237288,-2.208985420753638,4.653916974452727,0.023249533027410507,6.5884504318237305,1.0029296875,,,,,,,,,,,,,
5,9,0,0.6666666666666666,0.6666666666666666,nan,0.6666666666666666,1.0,166.66480070000003,113.98399820000003,87,1.7816091954022988,7,0.087890625,0.869140625,0.06689453125,0.1828358208955224,-1.296633518517894,-1.5266360434972717,-0.06659859418869019,5.20281457901001,1.003419638495359,,,,,,,,,,,,,
6,10,0,0.7,0.5714285714285714,nan,1.0,0.0,173.7407967,123.73359835999996,78,1.7820512820512822,8,0.06982421875,0.8720703125,0.07080078125,0.21311475409836064,-1.4470109707368592,1.2863471849852517,0.05467434227466583,7.416179656982422,1.0073277967757694,,,,,,,,,,,,,
7,9,0,0.7777777777777778,0.6666666666666666,nan,1.0,0.6666666666666666,165.49519920000006,152.24159703999993,80,1.5,4,0.07666015625,0.86083984375,0.0654296875,0.2572614107883817,-1.4305565196092707,3.7157991714199485,-0.036074183881282806,3.8261353969573975,1.006350757205667,,,,,,,,,,,,,
8,10,0,1.0,1.0,nan,1.0,1.0,205.6399998,148.46159926,101,2.257425742574257,13,0.05029296875,0.86572265625,0.07275390625,0.16932907348242812,-1.562736678192001,4.0472230602409995,-0.04280466213822365,4.192967414855957,1.002932551319648,,,,,,,,,,,,,
9,9,0,0.6666666666666666,0.625,nan,1.0,0.6666666666666666,166.04879919999996,126.72719997000003,87,2.4367816091954024,13,0.052734375,0.83935546875,0.07861328125,0.1889400921658986,-1.3234317867139644,-0.5865036957967311,-0.02045292779803276,4.974822044372559,1.0034213098729228,,,,,,,,,,,,,
10,13,0,0.8461538461538461,0.875,nan,0.8,0.8333333333333334,240.30719525000006,170.8584016,116,2.7413793103448274,15,0.05517578125,0.85888671875,0.0888671875,0.2242562929061785,-1.4213211429046408,8.431890549006576,-0.0401538610458374,6.314309120178223,1.0073349633251834,,,,,,,,,,,,,
11,10,0,0.9,0.8,nan,1.0,1.0,203.23839890000005,140.327201,95,2.0736842105263156,11,0.04638671875,0.8232421875,0.091796875,0.275,-1.3219475473692037,8.84007091836235,-0.16465812921524048,4.721734046936035,1.00634765625,,,,,,,,,,,,,
12,13,0,0.7692307692307693,0.8,nan,0.75,0.75,253.7256007400002,157.84879840000002,121,2.6198347107438016,13,0.04541015625,0.83544921875,0.10546875,0.20734341252699784,-1.8410067314490524,4.118446544086973,-0.014939345419406891,5.394554138183594,1.0039081582804104,,,,,,,,,,,,,
13,12,0,0.9166666666666666,0.8571428571428571,nan,1.0,1.0,223.65600221000005,122.81600140000003,121,3.4628099173553717,15,0.037109375,0.8525390625,0.099609375,0.16783216783216784,-2.6231298351450634,1.8592185390117024,-0.02992461621761322,5.0134782791137695,1.003419638495359,,,,,,,,,,,,,
14,9,0,0.8888888888888888,0.8571428571428571,nan,1.0,0.5,188.52960065999997,135.2232009,93,2.096774193548387,11,0.044921875,0.830078125,0.09619140625,0.22903225806451613,-1.9405487712224478,1.5185224193668385,0.08233386278152466,3.818716526031494,1.0034246575342465,,,,,,,,,,,,,
15,13,0,0.9230769230769231,1.0,nan,0.8,0.75,238.26799857999998,144.4240042,108,1.8425925925925926,6,0.04052734375,0.84814453125,0.076171875,0.1618798955613577,-2.222914152260175,9.823764916940753,-0.1334371417760849,4.381402969360352,1.0063600782778865,,,,,,,,,,,,,
16,11,0,1.0,1.0,nan,1.0,1.0,220.54719994000007,123.22239999999996,119,2.680672268907563,13,0.021484375,0.83447265625,0.1083984375,0.15207373271889402,-2.2258699233476995,4.1644713468268755,-0.04356341063976288,3.3314597606658936,1.0073313782991202,,,,,,,,,,,,,
17,11,0,1.0,1.0,nan,1.0,1.0,230.99360220300005,129.23680229999997,121,2.9008264462809916,14,0.0234375,0.81103515625,0.12109375,0.20380434782608695,-2.013458407881643,9.795866711441697,0.07663014531135559,3.0018117427825928,1.002932551319648,,,,,,,,,,,,,
18,12,0,0.8333333333333334,0.8,nan,0.8571428571428571,0.5,227.18879520000004,121.36800023700003,117,2.888888888888889,11,0.025390625,0.833984375,0.15625,0.2815533980582524,-2.610038281111256,1.1891661804582474,-0.03180483356118202,7.70043420791626,1.006356968215159,,,,,,,,,,,,,
19,14,0,0.9285714285714286,0.8333333333333334,nan,1.0,0.8,268.2143989400001,156.6624002,127,2.4330708661417324,12,0.02392578125,0.853515625,0.12646484375,0.25210084033613445,-2.221136182053048,5.5337384081450125,-0.03192697465419769,4.511219024658203,1.0039100684261975,,,,,,,,,,,,,
20,11,0,0.9090909090909091,1.0,nan,0.6666666666666666,1.0,228.65280236,147.7096003,110,2.8363636363636364,12,0.02734375,0.8349609375,0.13671875,0.22278481012658227,-2.053811278439031,1.8429719641656044,0.011222988367080688,5.130215644836426,1.0034213098729228,,,,,,,,,,,,,
21,12,0,0.75,0.7777777777777778,nan,0.6666666666666666,0.6,218.37200111000007,162.80800008999998,104,1.7403846153846154,8,0.02099609375,0.80810546875,0.1171875,0.2916666666666667,-1.2930235158539025,3.4488323393361195,-0.03324047848582268,7.1037702560424805,1.0024449877750612,,,,,,,,,,,,,
1,7,0,0.7142857142857143,0.6666666666666666,0.6666666666666666,1.0,1.0,126.50560190000002,119.55680127,59,1.3898305084745763,4,0.115234375,0.92822265625,0.05712890625,0.15853658536585366,-1.8215549946742544,-8.199217389924334,0.07115006446838379,5.453548908233643,1.0,,,,,,,,,,,,,
2,8,0,0.375,0.3333333333333333,0.0,0.6666666666666666,0.0,136.85759769999996,133.6375976,66,1.621212121212121,7,0.11767578125,0.9111328125,0.0439453125,0.2600896860986547,-2.105711976163829,-17.912329458263784,0.053880855441093445,7.983377933502197,1.003419638495359,,,,,,,,,,,,,
3,8,0,0.625,0.5,nan,1.0,0.0,156.39519949999996,107.37600270000004,75,1.56,5,0.11279296875,0.87451171875,0.0322265625,0.1825726141078838,-1.2876486986145004,-1.4362805939852743,-0.0033506229519844055,8.31736946105957,1.0034213098729228,,,,,,,,,,,,,
4,10,0,0.7,0.6666666666666666,0.0,1.0,0.5,159.03600346999994,144.89919417000002,72,1.5833333333333333,8,0.09765625,0.85400390625,0.029296875,0.233201581027668,-1.293817101422371,0.8438431840287064,-0.03054841421544552,6.0246686935424805,1.00439453125,,,,,,,,,,,,,
5,11,0,0.7272727272727273,0.5,0.6,1.0,0.5,194.24560325,133.71119981,100,3.08,13,0.07373046875,0.9052734375,0.02099609375,0.10504201680672269,-2.3003418227835004,-4.317507752714338,-0.03891563415527344,7.091923713684082,1.003419638495359,,,,,,,,,,,,,
6,8,0,0.625,0.8,0.0,1.0,nan,154.05760090000007,136.3760012,76,1.4605263157894737,5,0.09326171875,0.88330078125,0.0400390625,0.15086206896551724,-1.5591375277069557,-5.925454405180436,0.021008271723985672,4.309786319732666,1.0073313782991202,,,,,,,,,,,,,
7,10,0,0.6,0.5,0.5,1.0,0.75,189.37120245,153.63760190999997,88,1.8977272727272727,10,0.07568359375,0.88427734375,0.04443359375,0.16012084592145015,-1.518907599701569,-6.63433252346356,-0.08701905608177185,4.548881530761719,1.00390625,,,,,,,,,,,,,
8,11,0,0.8181818181818182,1.0,0.5,0.8333333333333334,1.0,197.22800273000004,132.0752004,95,2.1894736842105265,7,0.076171875,0.9111328125,0.0390625,0.20192307692307693,-1.9996136618708789,-9.574818280829046,0.016152553260326385,7.798843860626221,1.00390625,,,,,,,,,,,,,
9,9,0,0.6666666666666666,0.5,0.5,1.0,1.0,176.03200464999998,140.96559370000006,80,2.1625,12,0.07861328125,0.880859375,0.04638671875,0.17301038062283736,-2.2072821397944575,-5.668733617597898,-0.10964534431695938,4.750407695770264,1.0034213098729228,,,,,,,,,,,,,
10,11,0,0.8181818181818182,0.6666666666666666,nan,1.0,0.0,198.56399979,106.95680479999999,98,2.6122448979591835,12,0.07958984375,0.8720703125,0.04833984375,0.14840182648401826,-2.1841887450727095,1.9931133967168932,0.036170490086078644,4.117822647094727,1.00390625,,,,,,,,,,,,,
11,13,0,0.6153846153846154,0.6666666666666666,0.0,1.0,0.6666666666666666,241.6968016849999,179.93759870000005,110,1.9090909090909092,9,0.05859375,0.9140625,0.0556640625,0.2111650485436893,-2.1814398752894246,-3.401720817312961,-0.014533108100295067,7.077704906463623,1.003419638495359,,,,,,,,,,,,,
12,11,0,0.9090909090909091,0.8571428571428571,nan,1.0,1.0,207.23119759999997,138.068,97,1.8144329896907216,6,0.052734375,0.875,0.052734375,0.16964285714285715,-1.6945867153409169,-6.816719241270735,-0.06968950480222702,6.800177574157715,1.0039081582804104,,,,,,,,,,,,,
13,11,0,0.8181818181818182,0.6,1.0,1.0,0.5,191.50399622999993,146.34400082,94,1.7446808510638299,6,0.05224609375,0.90771484375,0.083984375,0.21621621621621623,-2.5528075300957735,-2.0284077903437305,-0.03867649659514427,3.2394237518310547,1.0034229828850856,,,,,,,,,,,,,
14,10,0,0.4,0.0,0.6666666666666666,0.6666666666666666,0.0,187.47600129999992,168.13040005,85,1.6588235294117648,6,0.060546875,0.83642578125,0.0625,0.1891891891891892,-1.415283985086602,-8.49257208728596,-0.03675723820924759,5.766760349273682,1.0073277967757694,,,,,,,,,,,,,
15,12,0,0.5833333333333334,0.4444444444444444,nan,1.0,0.8,216.10960422000002,193.59919898999993,99,1.6464646464646464,5,0.04638671875,0.8857421875,0.0595703125,0.22955974842767296,-2.099746398722017,-8.247609221364666,-0.017555946484208107,7.652122497558594,1.00732421875,,,,,,,,,,,,,
16,11,0,0.7272727272727273,0.5714285714285714,1.0,1.0,0.4,209.79920203,169.58080019999997,106,1.8962264150943395,7,0.04541015625,0.8623046875,0.0625,0.1728395061728395,-1.8637223686270559,-6.401205198520629,0.048010412603616714,5.896564960479736,1.00390625,,,,,,,,,,,,,
17,12,0,0.8333333333333334,0.75,0.0,1.0,0.75,217.88560168000012,132.23520270000003,111,2.045045045045045,9,0.03759765625,0.89599609375,0.07177734375,0.15839243498817968,-2.2643788473087714,-2.3097465386868574,-0.10327326506376266,4.682549476623535,1.0029296875,,,,,,,,,,,,,
18,12,0,0.75,0.75,0.5,0.8333333333333334,0.75,223.88640024399996,172.56639889999994,102,1.588235294117647,5,0.03271484375,0.89599609375,0.0849609375,0.22038567493112948,-2.196416027076806,-11.409621434136625,-0.010727470740675926,5.973508834838867,1.0073277967757694,,,,,,,,,,,,,
19,11,0,0.5454545454545454,0.75,0.3333333333333333,1.0,0.5,190.02879901999998,177.83520374000003,87,1.7011494252873562,8,0.05810546875,0.8603515625,0.0556640625,0.1962962962962963,-1.3109252417316306,-4.769203007102364,-0.03928127884864807,5.150269508361816,1.0073349633251834,,,,,,,,,,,,,
20,12,0,0.75,0.5,1.0,1.0,0.0,213.54559990000007,181.776004,101,1.9306930693069306,7,0.03955078125,0.88330078125,0.0732421875,0.24022346368715083,-2.033109709672861,-5.438219708731306,0.02502436190843582,4.261889934539795,1.00732421875,,,,,,,,,,,,,
21,13,0,0.46153846153846156,0.5,0.25,1.0,0.3333333333333333,218.55920495000007,201.31600678099994,92,1.576086956521739,6,0.0390625,0.888671875,0.07080078125,0.2367601246105919,-1.8540818717620418,-10.625021536358004,-0.013377722352743149,6.1517109870910645,1.0073277967757694,,,,,,,,,,,,,
22,12,0,0.6666666666666666,1.0,0.5,0.5,0.75,237.83360385499998,183.32639909999995,103,2.116504854368932,9,0.02392578125,0.90771484375,0.06298828125,0.21893491124260356,-2.1016541249873666,-0.2148603441247555,-0.0060026999562978745,4.923612594604492,1.0029311187103078,,,,,,,,,,,,,
23,11,0,0.5454545454545454,0.5,0.5,0.6666666666666666,1.0,187.312799,167.08319529999994,84,1.380952380952381,4,0.0498046875,0.84375,0.064453125,0.19574468085106383,-1.6981214225217807,-7.963322688051736,-0.08472096920013428,3.1727633476257324,1.002932551319648,,,,,,,,,,,,,
24,12,0,0.5,0.5,0.25,0.6666666666666666,0.0,213.80960202,186.7608011229999,93,1.6344086021505377,7,0.0400390625,0.86474609375,0.0595703125,0.24838709677419354,-1.4701677558584707,-5.91781143861504,-0.1326524168252945,5.805204391479492,1.0039081582804104,,,,,,,,,,,,,
25,11,0,0.6363636363636364,0.3333333333333333,0.5,1.0,0.5,210.67520150999994,158.1551981,100,2.6,11,0.04296875,0.8505859375,0.06201171875,0.21232876712328766,-1.2124799243385405,0.7357440275626527,-0.03622857481241226,4.212070941925049,1.0034229828850856,,,,,,,,,,,,,
26,9,0,0.5555555555555556,0.6,0.5,nan,0.3333333333333333,156.19360409999996,163.48480419999999,75,1.3466666666666667,4,0.04150390625,0.8427734375,0.068359375,0.16666666666666666,-1.9014259239779603,-12.45641080260086,0.0034560877829790115,3.1764631271362305,1.0073349633251834,,,,,,,,,,,,,
27,12,0,0.6666666666666666,0.5,0.0,0.875,1.0,210.27040119999998,155.51520029999995,98,1.9285714285714286,6,0.037109375,0.90283203125,0.08154296875,0.19759036144578312,-2.2719599195541886,-10.15742563198268,-0.10158848762512207,6.975937843322754,1.0073349633251834,,,,,,,,,,,,,
28,14,0,0.7142857142857143,1.0,0.6,0.75,0.7,245.45759951999986,179.39280209999995,113,2.1769911504424777,10,0.0322265625,0.8759765625,0.064453125,0.19402985074626866,-1.6362542011751524,-0.6162320195030594,-0.09463436901569366,5.585813045501709,1.00341796875,,,,,,,,,,,,,
29,11,0,0.45454545454545453,0.625,0.0,nan,0.4,176.44880048000002,178.1935948,79,1.2911392405063291,3,0.05419921875,0.845703125,0.06640625,0.18452380952380953,-1.1397531496223763,-8.401591791640028,-0.04178549349308014,7.580440044403076,1.0039100684261975,,,,,,,,,,,,,
30,11,0,0.6363636363636364,0.4,1.0,0.8,0.0,203.46080766000003,176.92880354000005,94,2.4680851063829787,10,0.04345703125,0.8935546875,0.0791015625,0.22965116279069767,-1.5702749272577736,-3.7093802298201437,0.027282681316137314,5.040157794952393,1.0039081582804104,,,,,,,,,,,,,
31,12,0,0.8333333333333334,0.8,0.6666666666666666,1.0,1.0,211.877601084,142.48879980000007,99,2.3636363636363638,13,0.03662109375,0.89013671875,0.0986328125,0.22589531680440772,-2.006314720730329,-0.7813906532832937,0.07472778856754303,3.316801071166992,1.0039119804400978,,,,,,,,,,,,,
32,13,0,0.46153846153846156,0.42857142857142855,0.0,0.6,0.4,230.9647958999999,209.22000151,106,1.7735849056603774,10,0.0322265625,0.88037109375,0.08740234375,0.23641304347826086,-1.8835976695884435,-9.537793082953893,-0.07099351286888123,4.46305513381958,1.0029311187103078,,,,,,,,,,,,,
33,11,0,0.8181818181818182,0.5,0.6666666666666666,1.0,1.0,198.9135999799999,139.82880822,93,2.3440860215053765,12,0.02880859375,0.86181640625,0.0830078125,0.24085365853658536,-1.7111546321131847,-1.340636849397827,0.044194962829351425,3.7525413036346436,1.0073277967757694,,,,,,,,,,,,,
34,12,0,0.6666666666666666,0.6,0.5,1.0,0.5,199.13760214900003,172.48799740000004,86,1.7093023255813953,7,0.01953125,0.90234375,0.07763671875,0.19907407407407407,-1.5558909515262207,-1.749355904423662,0.012111824005842209,4.5729570388793945,1.003419638495359,,,,,,,,,,,,,
35,15,0,0.4666666666666667,0.375,0.3333333333333333,0.75,0.6666666666666666,246.06400491500008,207.3031990399999,111,2.873873873873874,14,0.01171875,0.91943359375,0.07666015625,0.26066350710900477,-1.2975160803135612,-8.117886444964878,0.09369058907032013,8.019583702087402,1.00341796875,,,,,,,,,,,,,
36,11,0,0.5454545454545454,0.6666666666666666,1.0,0.25,0.3333333333333333,203.73039937000001,187.59680304499994,92,1.891304347826087,8,0.01904296875,0.89013671875,0.0576171875,0.26666666666666666,-1.7281354434241731,-5.280033795277263,0.02804703451693058,4.690150737762451,1.00390625,,,,,,,,,,,,,
1,11,0,0.8181818181818182,1.0,0.3333333333333333,1.0,1.0,202.94880700000002,121.36320186,98,2.510204081632653,11,0.04052734375,0.88671875,0.07861328125,0.18798955613577023,-2.3809028883115073,0.09964882678320176,-0.04834023863077164,3.0222361087799072,1.00146484375,,,,,,,,,,,,,
2,13,0,0.5384615384615384,0.6666666666666666,0.16666666666666666,1.0,0.16666666666666666,202.6711977,177.94959749999992,98,2.295918367346939,9,0.029296875,0.86572265625,0.06201171875,0.17834394904458598,-1.4755679153514136,-1.5392764365586287,0.06715348362922668,5.871040344238281,1.00341796875,,,,,,,,,,,,,
3,12,0,0.5833333333333334,0.3333333333333333,0.6,0.75,1.0,209.93200054000005,155.40560083,98,2.673469387755102,12,0.02490234375,0.87744140625,0.0693359375,0.21885521885521886,-2.29891395475845,-0.9292290892119955,0.09770023077726364,4.425048351287842,1.00341796875,,,,,,,,,,,,,
4,10,0,0.8,0.3333333333333333,1.0,1.0,0.6666666666666666,186.45920033000002,166.443203,81,1.3580246913580247,3,0.02197265625,0.87744140625,0.1064453125,0.24022346368715083,-1.9108228122009727,-6.9024069173284515,0.015126295387744904,3.781754493713379,1.003419638495359,,,,,,,,,,,,,
5,12,0,0.9166666666666666,0.6666666666666666,1.0,1.0,1.0,219.18640101999998,137.9168018,101,2.5247524752475248,11,0.02294921875,0.87109375,0.08642578125,0.19047619047619047,-2.182255528781057,4.814953852284339,0.030234389007091522,3.9288222789764404,1.00341796875,,,,,,,,,,,,,
6,12,0,0.5,1.0,0.375,0.6666666666666666,0.4,203.07760407999996,184.36800129999995,87,1.8275862068965518,8,0.013671875,0.86865234375,0.09326171875,0.32,-1.8436562342745153,-10.27285315002575,0.06219092756509781,4.272108554840088,1.003419638495359,,,,,,,,,,,,,
7,10,0,0.6,0.5,0.5714285714285714,1.0,0.6666666666666666,167.86000572999998,164.89439819000006,69,1.4202898550724639,6,0.02490234375,0.8193359375,0.07568359375,0.1503267973856209,-0.9837260428012135,-6.036802575536962,0.09551471471786499,5.709956169128418,1.00341796875,,,,,,,,,,,,,
8,11,0,0.36363636363636365,0.0,0.3333333333333333,1.0,0.25,208.20719527000014,196.84960285000003,91,1.5604395604395604,6,0.03271484375,0.859375,0.06884765625,0.19704433497536947,-1.5691285851138146,-7.5944140555472925,0.028531981632113457,3.568312644958496,1.00341796875,,,,,,,,,,,,,
9,11,0,0.5454545454545454,0.6666666666666666,0.2,1.0,0.75,180.24239999999995,166.84560317999998,82,2.2195121951219514,13,0.03466796875,0.853515625,0.05517578125,0.19696969696969696,-1.599216574360509,-6.6136300060540805,-0.07918012142181396,3.7331666946411133,1.00634765625,,,,,,,,,,,,,
10,12,0,0.8333333333333334,0.6666666666666666,0.6666666666666666,1.0,0.6666666666666666,220.51760489999995,146.45920206000002,105,2.704761904761905,14,0.02734375,0.87255859375,0.08447265625,0.2388451443569554,-2.089127099627178,-1.1141401057932052,-0.0005693268030881882,3.6225366592407227,1.00341796875,,,,,,,,,,,,,
11,13,0,0.46153846153846156,0.5,0.0,0.6,0.3333333333333333,240.9576033069999,213.0919999,106,1.849056603773585,8,0.0283203125,0.85498046875,0.07177734375,0.2108626198083067,-1.7090485826938855,-5.238381165332914,0.03296376019716263,4.739109992980957,1.00341796875,,,,,,,,,,,,,
12,11,0,0.5454545454545454,0.3333333333333333,0.6666666666666666,1.0,0.4,185.31199912999995,145.5200005,88,2.0,9,0.02685546875,0.83056640625,0.064453125,0.18461538461538463,-1.6628861006952937,-8.21977104598087,-0.07900466024875641,3.084847927093506,1.00341796875,,,,,,,,,,,,,
13,11,0,0.45454545454545453,0.4,0.3333333333333333,0.6666666666666666,0.6,198.77039890999995,190.07040141999997,88,1.7613636363636365,10,0.03662109375,0.84716796875,0.08056640625,0.2062937062937063,-1.7919745272990477,-10.486595865843993,-0.04302329570055008,6.02937650680542,1.00341796875,,,,,,,,,,,,,
14,10,0,0.7,0.6,0.0,1.0,0.75,186.09759964999998,144.4768025,91,2.142857142857143,8,0.03564453125,0.828125,0.1025390625,0.25,-2.1064104716140326,-6.272378448320789,-0.05462533235549927,4.5052032470703125,1.00341796875,,,,,,,,,,,,,
15,11,0,0.6363636363636364,0.3333333333333333,nan,1.0,0.5,189.54399862999998,136.29759995000003,92,1.9130434782608696,7,0.0224609375,0.7802734375,0.0732421875,0.20901639344262296,-1.6741075704522899,-1.6740059091369561,-0.08898400515317917,5.424785614013672,1.00341796875,,,,,,,,,,,,,
16,10,0,0.7,nan,0.6,0.8,0.0,189.95040044000004,158.44800374000002,77,1.4155844155844155,5,0.01953125,0.79443359375,0.08056640625,0.29473684210526313,-1.892680735930329,-3.176573765399353,0.10350504517555237,3.7169113159179688,1.00341796875,,,,,,,,,,,,,
17,11,0,0.5454545454545454,0.3333333333333333,0.4,1.0,0.6,183.94159792999997,143.58880675999998,90,1.9333333333333333,8,0.0283203125,0.83740234375,0.09765625,0.2109375,-2.0182207512500123,-11.620313036028664,0.039974644780159,5.030176639556885,1.0029296875,,,,,,,,,,,,,
18,9,0,0.5555555555555556,0.5,0.5,0.6666666666666666,0.3333333333333333,174.73840206000006,144.18480214000002,81,1.6049382716049383,7,0.0234375,0.796875,0.04833984375,0.2781456953642384,-1.5178925199012305,-2.4562390896875774,0.03454478830099106,3.2601985931396484,1.00341796875,,,,,,,,,,,,,
19,12,0,0.5833333333333334,0.6666666666666666,0.6,0.0,0.6,200.29920106999998,201.00000343599996,78,1.2307692307692308,4,0.03173828125,0.7978515625,0.064453125,0.18888888888888888,-1.3252826314246486,-6.743942396896583,0.010696899145841599,4.650467872619629,1.00341796875,,,,,,,,,,,,,
20,11,0,0.5454545454545454,0.5,1.0,0.4,0.0,192.25840613,193.66079957999992,89,1.797752808988764,7,0.0390625,0.828125,0.08154296875,0.28,-1.638382764830456,-8.724345493627622,0.019651522859930992,4.791356086730957,1.00341796875,,,,,,,,,,,,,
21,11,0,0.7272727272727273,0.75,0.75,0.6666666666666666,0.5,220.37280330000002,169.83840349999997,98,1.5816326530612246,5,0.0341796875,0.8193359375,0.05615234375,0.21074380165289255,-1.9002091438177595,-1.1092190345494088,0.050407472997903824,5.1716837882995605,1.00341796875,,,,,,,,,,,,,
22,11,0,0.6363636363636364,0.5,0.25,1.0,nan,191.65599824,142.53119832999994,87,2.1954022988505746,10,0.04150390625,0.8076171875,0.0556640625,0.21142857142857144,-1.7177940719428915,-8.737010708293097,-0.024693524464964867,3.178173542022705,1.00634765625,,,,,,,,,,,,,
23,13,0,0.6923076923076923,0.3333333333333333,0.6,1.0,0.5,229.49999674999995,220.50159666000002,98,1.336734693877551,4,0.02783203125,0.8115234375,0.04833984375,0.20257234726688103,-1.5584101132349408,-1.9991431501222305,0.12313574552536011,4.093127250671387,1.00341796875,,,,,,,,,,,,,
24,10,0,0.5,0.3333333333333333,0.4,1.0,1.0,188.63679859,171.51200339999997,83,1.5060240963855422,6,0.0283203125,0.83642578125,0.126953125,0.2634730538922156,-1.7189144123029654,-17.683946760927803,-0.003940137103199959,5.529537677764893,1.00341796875,,,,,,,,,,,,,
25,12,0,0.5833333333333334,0.6,0.4,1.0,0.4,215.02719929999992,175.91200202399995,90,2.2888888888888888,13,0.0224609375,0.81640625,0.0703125,0.24180327868852458,-1.7798788579316114,-3.235749804316349,-0.0249774307012558,4.505094528198242,1.0029296875,,,,,,,,,,,,,
26,12,0,0.6666666666666666,0.6,0.5,0.8,0.5,230.00160428999996,174.94080245999996,102,1.7156862745098038,6,0.02001953125,0.80615234375,0.07568359375,0.22006472491909385,-2.2303636693293574,-1.0985974511750036,0.07634100317955017,5.619571685791016,1.00732421875,,,,,,,,,,,,,
27,12,0,0.5,0.42857142857142855,0.3333333333333333,1.0,0.25,200.37919710000003,192.61119915999996,87,1.6551724137931034,7,0.02197265625,0.82275390625,0.072265625,0.24742268041237114,-1.0533121972788775,-7.6993698441508265,0.07111382484436035,4.372758865356445,1.00341796875,,,,,,,,,,,,,
28,11,0,0.7272727272727273,0.5,1.0,1.0,1.0,219.77280158,165.03680359999993,102,2.019607843137255,9,0.013671875,0.82080078125,0.1044921875,0.23355263157894737,-1.8677498405055986,-4.411746236570409,0.019440852105617523,2.8306000232696533,1.00341796875,,,,,,,,,,,,,
29,10,0,0.6,0.6,0.6666666666666666,0.5,1.0,175.84640299999998,173.65200204599998,74,1.4189189189189189,4,0.0126953125,0.81640625,0.06689453125,0.25333333333333335,-1.1101988851217832,-4.988417362478081,0.004211030900478363,3.2892112731933594,1.00341796875,,,,,,,,,,,,,
30,11,0,0.45454545454545453,0.25,0.5,0.6666666666666666,0.0,182.78479965,159.21760193999995,80,1.575,5,0.01318359375,0.8291015625,0.07861328125,0.1414141414141414,-1.651003640880473,-9.345807324776535,0.01944415085017681,4.817358016967773,1.0034213098729228,,,,,,,,,,,,,
31,12,0,0.6666666666666666,0.3333333333333333,0.3333333333333333,1.0,0.5,221.1512023,175.93760080800007,93,2.021505376344086,9,0.01806640625,0.82666015625,0.06201171875,0.24806201550387597,-1.305358675356534,0.13159394771322278,-0.019300581887364388,6.324441432952881,1.00341796875,,,,,,,,,,,,,
32,11,0,0.5454545454545454,0.6,0.4,1.0,0.6666666666666666,192.4400014999999,181.91760065999998,78,1.3333333333333333,5,0.01171875,0.82666015625,0.0888671875,0.20114942528735633,-1.5981028418650796,-14.730856578415883,-0.011819735169410706,5.85637092590332,1.0029296875,,,,,,,,,,,,,
33,11,0,0.2727272727272727,0.0,0.25,1.0,0.25,177.18559899999997,177.97440350000002,82,1.8170731707317074,7,0.02001953125,0.796875,0.0546875,0.18137254901960784,-1.0784680837503389,-10.198889374337154,0.03975875675678253,3.089848518371582,1.00341796875,,,,,,,,,,,,,
34,10,0,0.4,0.5,0.2,1.0,0.0,178.46800389999999,175.89280319999997,77,1.6363636363636365,7,0.0224609375,0.794921875,0.07275390625,0.20958083832335328,-1.2317045886003348,-10.624492261959785,-0.07496590167284012,3.76155686378479,1.00634765625,,,,,,,,,,,,,
35,9,0,0.4444444444444444,0.3333333333333333,0.3333333333333333,0.6666666666666666,0.3333333333333333,150.54080002999999,142.25280096600002,65,1.4307692307692308,5,0.0234375,0.7470703125,0.0751953125,0.27472527472527475,-1.6646206427226307,-21.772797348121692,-0.040541596710681915,6.769439697265625,1.00341796875,,,,,,,,,,,,,
36,10,0,0.5,0.5,0.3333333333333333,0.6666666666666666,0.75,177.29519787000004,158.02400109,84,2.0,11,0.03662109375,0.783203125,0.07275390625,0.19753086419753085,-0.8137586728481919,-11.328636106002918,-0.10152189433574677,4.885323524475098,1.00341796875,,,,,,,,,,,,,
37,10,0,0.6,0.25,0.5,1.0,0.5,178.48479774999998,142.39279745999997,81,2.654320987654321,11,0.04150390625,0.802734375,0.06396484375,0.2017167381974249,-1.5870621896484005,-11.350943108162912,-0.031009526923298836,3.2887401580810547,1.00341796875,,,,,,,,,,,,,
38,13,0,0.6153846153846154,0.4,1.0,0.7142857142857143,0.5,220.99920349999994,196.71519796,99,1.8383838383838385,9,0.0478515625,0.8359375,0.0615234375,0.22811671087533156,-1.5773958879725163,-6.910950099393896,-0.006670353934168816,5.105334281921387,1.00341796875,,,,,,,,,,,,,
39,11,0,0.6363636363636364,0.5,0.5,0.8,0.0,202.70480344000006,161.25599990000003,88,1.7159090909090908,6,0.0439453125,0.80810546875,0.03857421875,0.17898832684824903,-1.4794300927938169,-0.06736050592975541,0.05321212857961655,5.609992980957031,1.00341796875,,,,,,,,,,,,,
40,9,0,0.3333333333333333,0.25,0.25,1.0,0.3333333333333333,176.09120138999995,185.10879979999993,71,1.2112676056338028,3,0.041015625,0.83935546875,0.060546875,0.288,-1.182250293680242,-15.202483925897958,-0.02477431297302246,2.7634050846099854,1.00341796875,,,,,,,,,,,,,
41,9,0,0.1111111111111111,0.16666666666666666,0.0,0.0,0.0,138.6271983,169.64880179999994,56,1.2142857142857142,3,0.07470703125,0.84375,0.08154296875,0.35454545454545455,-1.4657539645440771,-21.94676613057353,0.05797102302312851,2.725076913833618,1.00341796875,,,,,,,,,,,,,
42,11,0,0.6363636363636364,0.5,0.5,0.8,0.6666666666666666,192.78400235000004,162.0104048,89,2.3258426966292136,13,0.05810546875,0.85009765625,0.09765625,0.21660649819494585,-1.7036354744581386,-10.939947350689053,-0.031665295362472534,5.229418754577637,1.00341796875,,,,,,,,,,,,,
43,11,0,0.5454545454545454,0.25,0.5,0.8,1.0,206.25199846000007,167.04079839999997,95,2.210526315789474,11,0.05859375,0.82763671875,0.08349609375,0.2629757785467128,-1.0805078715436118,-7.676021969099832,0.04699818789958954,4.700037002563477,1.00341796875,,,,,,,,,,,,,
44,11,0,0.5454545454545454,0.5,0.0,0.75,0.5,185.52560320699993,167.11360115000005,84,2.0238095238095237,12,0.044921875,0.82666015625,0.0849609375,0.2158273381294964,-1.131917767613865,-11.35736906201601,0.0608675442636013,5.375728607177734,1.0029296875,,,,,,,,,,,,,
45,12,0,0.6666666666666666,0.5,0.3333333333333333,1.0,0.6666666666666666,227.96480286000005,186.99360230000002,105,1.9238095238095239,6,0.03466796875,0.88427734375,0.11083984375,0.23655913978494625,-1.8887681954925875,-10.456075323544686,0.002537272870540619,8.602128982543945,1.003419638495359,,,,,,,,,,,,,
46,10,0,0.7,1.0,0.3333333333333333,0.75,1.0,187.69839961,164.90480209999998,86,1.755813953488372,7,0.04248046875,0.86572265625,0.09765625,0.18324607329842932,-1.6909955801789431,-9.092166216675322,0.07938390970230103,5.76727294921875,1.00732421875,,,,,,,,,,,,,
47,11,0,0.7272727272727273,0.5,0.0,1.0,1.0,189.80960174000003,143.25840046999997,94,2.5106382978723403,12,0.05322265625,0.81591796875,0.119140625,0.2147239263803681,-1.6350286044786726,-14.584065956327798,0.008959345519542694,6.896243572235107,1.00341796875,,,,,,,,,,,,,
48,13,0,0.6153846153846154,0.75,0.2,1.0,0.3333333333333333,228.48960029999995,212.13599929999995,99,1.4545454545454546,4,0.03857421875,0.88818359375,0.0947265625,0.29780564263322884,-1.468186018430359,-10.12135080941634,-0.061968035995960236,5.632086753845215,1.00341796875,,,,,,,,,,,,,
49,12,0,0.5833333333333334,0.25,0.6666666666666666,0.8,0.5,224.30239793999996,195.9543983,99,2.121212121212121,11,0.03271484375,0.86474609375,0.07177734375,0.22981366459627328,-1.4869213711331917,-10.33751242823328,0.1778213381767273,7.78935432434082,1.00341796875,,,,,,,,,,,,,
50,12,0,0.6666666666666666,0.5714285714285714,0.6666666666666666,1.0,0.8,206.95599985,190.42400499999997,96,2.0,8,0.02490234375,0.86572265625,0.09765625,0.27459016393442626,-1.5444062746446752,-16.337924785933648,0.14494723081588745,10.335979461669922,1.0048828125,,,,,,,,,,,,,
51,12,0,0.75,0.25,1.0,1.0,0.5,236.23359965,192.9672022,99,1.898989898989899,9,0.03466796875,0.84716796875,0.0576171875,0.25461254612546125,-1.083713623112359,-0.5281181494157868,0.12588754296302795,3.9485859870910645,1.00341796875,,,,,,,,,,,,,
52,14,0,0.7142857142857143,0.4,1.0,0.8571428571428571,0.75,241.60800257,190.17999920999998,108,2.037037037037037,10,0.03564453125,0.875,0.0830078125,0.2418478260869565,-1.614292106502611,-4.838567357830998,0.10999524593353271,3.5297513008117676,1.00341796875,,,,,,,,,,,,,
53,11,0,0.8181818181818182,0.6666666666666666,0.0,1.0,1.0,218.54560265,144.11519644000003,107,1.9626168224299065,7,0.0283203125,0.8662109375,0.06689453125,0.22118380062305296,-1.9180143524053779,-0.5875952158018158,-0.008706808090209961,3.330296277999878,1.00341796875,,,,,,,,,,,,,
54,11,0,0.6363636363636364,0.5,0.6,1.0,1.0,190.17200161999995,157.95279692000005,84,2.107142857142857,7,0.033203125,0.8701171875,0.10693359375,0.25380710659898476,-1.8208504083477317,-12.048121689789111,0.12644857168197632,3.9436774253845215,1.00341796875,,,,,,,,,,,,,
55,11,0,0.8181818181818182,0.75,0.0,1.0,1.0,204.16800114999995,160.05599795000003,91,1.6373626373626373,6,0.0380859375,0.841796875,0.0908203125,0.281786941580756,-1.5756461196058171,-6.1318429248306785,0.05069940164685249,5.275850772857666,1.00341796875,,,,,,,,,,,,,
56,12,0,0.75,0.3333333333333333,1.0,0.875,0.5,218.19440027700003,148.47200229999999,100,2.01,9,0.033203125,0.8662109375,0.095703125,0.20461095100864554,-1.8025257461407078,-2.8463744140325495,-0.0026600509881973267,3.7790658473968506,1.00341796875,,,,,,,,,,,,,
57,12,0,0.75,0.6,0.0,1.0,0.6666666666666666,213.49840089999995,157.09040315,99,1.9090909090909092,7,0.03369140625,0.86279296875,0.12109375,0.23180592991913745,-2.273332774480289,-6.344058481315922,0.08546166867017746,4.2863450050354,1.00341796875,,,,,,,,,,,,,
58,10,0,0.2,0.2,0.0,0.5,0.0,168.85839660000002,194.14960222999994,73,1.2602739726027397,3,0.046875,0.83642578125,0.0947265625,0.29411764705882354,-1.0682802115209002,-22.777212159882268,-0.03563334047794342,5.454062461853027,1.0029296875,,,,,,,,,,,,,
59,14,0,0.7142857142857143,0.5714285714285714,0.5,1.0,0.6,255.91840368999996,177.9784045,116,2.2586206896551726,10,0.03515625,0.9091796875,0.19189453125,0.29310344827586204,-1.7439074585377665,-13.158839450065813,0.06589604169130325,8.181845664978027,1.00341796875,,,,,,,,,,,,,
60,10,0,0.6,0.0,0.75,1.0,0.5,180.19520192000002,156.079198,75,1.32,4,0.05615234375,0.79736328125,0.1005859375,0.2552083333333333,-0.6342441156376932,-9.489436598103412,0.02115769498050213,3.5383715629577637,1.00341796875,,,,,,,,,,,,,
61,11,0,0.45454545454545453,0.0,0.2,0.8,0.5,189.8640017,153.53119899999996,77,2.0,10,0.0869140625,0.857421875,0.18212890625,0.32014388489208634,-0.7508439309741285,-17.32749720956866,-0.042263805866241455,4.922152519226074,1.0029296875,,,,,,,,,,,,,
62,12,0,0.6666666666666666,1.0,0.5,0.7142857142857143,0.6666666666666666,214.23999820000006,155.85040065000007,93,2.193548387096774,10,0.06689453125,0.84423828125,0.11962890625,0.26331360946745563,-1.4845664359911246,-1.931031339688058,-0.053168877959251404,5.025461196899414,1.00341796875,,,,,,,,,,,,,
63,8,0,0.75,1.0,0.5,0.75,0.0,142.5992012,108.77679800000003,64,1.46875,6,0.21240234375,0.9140625,0.39208984375,0.3760869565217391,-1.579558693689948,-57.60183817683228,-0.13168063759803772,10.001205444335938,1.0029296875,,,,,,,,,,,,,
64,9,0,0.6666666666666666,0.6,0.5,1.0,0.0,170.08239980999994,156.32080382,70,1.7857142857142858,7,0.140625,0.8759765625,0.2216796875,0.2966101694915254,-1.269200354268877,-7.006424661629787,0.10383883118629456,6.534976959228516,1.00732421875,,,,,,,,,,,,,
65,12,0,0.6666666666666666,0.0,0.6666666666666666,0.75,1.0,205.3032005580001,157.31360160000003,94,1.9787234042553192,9,0.10595703125,0.884765625,0.2421875,0.23703703703703705,-1.9896378995779584,-15.24506076817803,0.06854380667209625,5.71140718460083,1.00341796875,,,,,,,,,,,,,
66,11,0,0.36363636363636365,0.3333333333333333,0.25,0.5,0.4,164.63039849999996,180.39839940000005,75,2.3466666666666667,13,0.14501953125,0.90966796875,0.34375,0.3148614609571788,-2.643182730461056,-33.22264918374602,0.04293469339609146,7.786956787109375,1.00341796875,,,,,,,,,,,,,
67,10,0,0.4,0.5,0.16666666666666666,1.0,0.25,176.36800606999995,171.44319466,76,1.5263157894736843,4,0.08740234375,0.81494140625,0.19873046875,0.2840909090909091,-1.3596544774577595,-15.696210066243864,0.0433790385723114,4.131587028503418,1.00341796875,,,,,,,,,,,,,
68,12,0,0.4166666666666667,0.3333333333333333,0.25,0.6,0.3333333333333333,189.30399978999995,199.48720179000003,77,1.6363636363636365,8,0.0830078125,0.86572265625,0.18701171875,0.2736842105263158,-1.2795066600878093,-12.751599877695838,0.016861986368894577,6.523065567016602,1.00341796875,,,,,,,,,,,,,
69,10,0,0.8,1.0,0.75,0.8,0.75,182.21040605000005,122.14080475700001,85,2.2470588235294118,9,0.109375,0.90283203125,0.26025390625,0.28793774319066145,-2.3039312919452715,-3.6429695289106676,0.09351290017366409,3.1189615726470947,1.00390625,,,,,,,,,,,,,
70,10,0,0.4,0.0,0.2,0.75,1.0,182.01279950400004,171.24000149999998,79,1.7341772151898733,6,0.07763671875,0.84521484375,0.18701171875,0.2569832402234637,-1.1946333227075374,-14.029804242024387,0.10606710612773895,2.8755974769592285,1.00732421875,,,,,,,,,,,,,
71,11,0,0.6363636363636364,0.8,0.25,1.0,0.6,194.38880299999997,187.24320035,84,1.5357142857142858,4,0.07080078125,0.83154296875,0.18115234375,0.33170731707317075,-0.9472840941802873,-4.067673707574351,0.05587908625602722,5.087726593017578,1.00341796875,,,,,,,,,,,,,
72,13,0,0.6153846153846154,0.6,0.4,1.0,0.8,208.59760109999996,186.8120072999999,89,1.6741573033707866,5,0.10400390625,0.85546875,0.26416015625,0.2824074074074074,-1.7791812815459822,-9.272046807654096,0.027614818885922432,3.8038394451141357,1.00341796875,,,,,,,,,,,,,
73,11,0,0.5454545454545454,0.16666666666666666,1.0,1.0,0.2,182.07120253000002,162.62559880000003,81,1.9135802469135803,8,0.087890625,0.87255859375,0.29638671875,0.31140350877192985,-1.6359861041778474,-8.623189275175879,-0.03710569813847542,3.861453056335449,1.00341796875,,,,,,,,,,,,,
74,9,0,0.6666666666666666,0.75,0.0,1.0,1.0,160.5975985,154.91999910000004,69,1.565217391304348,5,0.11376953125,0.86474609375,0.28173828125,0.24875621890547264,-1.2410855136021903,-13.218355370695008,0.013529310002923012,4.107337951660156,1.0043966780654616,,,,,,,,,,,,,
75,12,0,0.6666666666666666,0.25,1.0,0.8,0.6666666666666666,210.30079986,201.36639993999995,84,1.2380952380952381,3,0.07080078125,0.83837890625,0.2490234375,0.39574468085106385,-0.9725589769236915,-11.742905072510489,0.029163897037506104,5.828020095825195,1.00341796875,,,,,,,,,,,,,
76,10,0,0.6,0.5,0.6,1.0,0.5,181.68400264000005,174.65199834999996,82,1.6829268292682926,8,0.0673828125,0.81982421875,0.2294921875,0.2644230769230769,-1.4076362372143494,-11.916242314883998,0.03845655918121338,5.261170387268066,1.00341796875,,,,,,,,,,,,,
77,11,0,0.5454545454545454,0.3333333333333333,0.4,1.0,0.6,167.51360015999998,178.16240050000005,82,2.7804878048780486,12,0.1181640625,0.8671875,0.361328125,0.2831858407079646,-1.7689165558072806,-28.745933719503867,0.06536246836185455,7.196623802185059,1.00341796875,,,,,,,,,,,,,
78,10,0,0.6,0.3333333333333333,0.8,0.5,0.6666666666666666,170.95840035999996,160.3824038,74,1.5405405405405406,7,0.07568359375,0.81494140625,0.34375,0.3258426966292135,-1.576094756244193,-37.47656938958239,0.19539132714271545,9.757015228271484,1.00732421875,,,,,,,,,,,,,
79,11,0,0.2727272727272727,0.2,0.0,1.0,0.5,175.00400273999998,203.17840160000003,73,1.63013698630137,5,0.06103515625,0.7978515625,0.201171875,0.23232323232323232,-1.2124020635806525,-18.235472841189846,-0.03854896128177643,4.417613983154297,1.00341796875,,,,,,,,,,,,,
80,8,0,0.75,1.0,0.5,1.0,0.5,156.69119864,112.49759575000002,73,1.8630136986301369,9,0.10986328125,0.8603515625,0.47705078125,0.3344594594594595,-3.068925415052415,-53.06331191095044,0.07494102418422699,12.299661636352539,1.00732421875,,,,,,,,,,,,,
81,11,0,0.45454545454545453,0.6,0.25,0.5,0.5,173.33839735999996,176.5128009,68,1.6176470588235294,7,0.09619140625,0.83837890625,0.3056640625,0.2903225806451613,-2.0487742133850246,-25.35673978778136,-0.09360145032405853,5.313206672668457,1.00732421875,,,,,,,,,,,,,
82,10,0,0.4,0.4,0.0,0.6666666666666666,0.0,163.0456042,159.83999752,72,1.5833333333333333,5,0.08056640625,0.853515625,0.30078125,0.292,-2.162695138436499,-32.45159030923699,0.021759768947958946,5.632197380065918,1.00732421875,,,,,,,,,,,,,
83,11,0,0.36363636363636365,0.0,0.0,1.0,0.3333333333333333,196.23920013,164.248002,85,1.6235294117647059,6,0.03857421875,0.77978515625,0.1455078125,0.24691358024691357,-0.8614136415399036,-8.872898345302223,0.04444991797208786,3.445680618286133,1.00341796875,,,,,,,,,,,,,
84,11,0,0.7272727272727273,0.6666666666666666,0.5,1.0,0.3333333333333333,226.4232006100001,176.9591984,104,2.0288461538461537,11,0.06591796875,0.8330078125,0.31787109375,0.2865853658536585,-2.092149270070169,-18.82699298425312,0.1713668406009674,9.61738109588623,1.00732421875,,,,,,,,,,,,,
85,11,0,0.5454545454545454,0.3333333333333333,0.5,1.0,0.5,189.7240014,173.81439690000002,79,1.8987341772151898,9,0.04248046875,0.78955078125,0.1806640625,0.3114754098360656,-0.8117467348045071,-17.239929656159436,0.007597210817039013,4.345157623291016,1.00341796875,,,,,,,,,,,,,
86,12,0,0.5,0.42857142857142855,0.6666666666666666,0.5,0.42857142857142855,186.29439656999998,210.9472017,77,1.3636363636363635,6,0.060546875,0.806640625,0.22607421875,0.3708609271523179,-2.6381193781080268,-23.11780343965097,0.04022795706987381,8.446889877319336,1.00390625,,,,,,,,,,,,,
87,10,0,0.5,0.25,0.3333333333333333,1.0,1.0,188.0999963,152.15599970000002,87,1.793103448275862,6,0.04833984375,0.80908203125,0.27783203125,0.31666666666666665,-1.79615865859351,-22.993995265101503,0.08372887223958969,8.524956703186035,1.00341796875,,,,,,,,,,,,,
88,11,0,0.5454545454545454,0.5,1.0,0.5,0.5,182.88320203000004,200.73600553000003,76,1.4342105263157894,4,0.0341796875,0.78662109375,0.18115234375,0.4147465437788018,-1.2620850048777321,-19.00777405222593,0.13567444682121277,4.884486198425293,1.00341796875,,,,,,,,,,,,,
89,11,0,0.5454545454545454,0.5,0.4,1.0,0.3333333333333333,184.45759896,191.61680239999993,79,1.7215189873417722,9,0.025390625,0.7607421875,0.109375,0.3333333333333333,-0.8626913351688525,-7.673170041012887,0.030629726126790047,5.16252326965332,1.00732421875,,,,,,,,,,,,,
90,10,0,0.7,0.5714285714285714,1.0,1.0,1.0,191.93280126,163.54560134000005,86,1.5813953488372092,6,0.03125,0.76220703125,0.3427734375,0.41232227488151657,-1.7428585175681446,-27.033990770874652,0.13700321316719055,6.362993240356445,1.00390625,,,,,,,,,,,,,
91,13,0,0.9230769230769231,0.8333333333333334,1.0,1.0,1.0,241.08080286,179.89039866,102,1.5686274509803921,6,0.0263671875,0.80322265625,0.30810546875,0.30036630036630035,-1.8907499286932037,-9.720026597311477,-0.009467534720897675,4.382297039031982,1.00341796875,,,,,,,,,,,,,
92,10,0,0.5,0.3333333333333333,0.25,1.0,0.3333333333333333,185.11039978800005,158.02239964999995,81,2.185185185185185,9,0.0419921875,0.76806640625,0.208984375,0.32432432432432434,-1.6130839847500178,-11.709154660549142,0.10648684203624725,4.043612480163574,1.00341796875,,,,,,,,,,,,,
93,12,0,0.5833333333333334,0.625,0.0,0.6666666666666666,0.75,220.70559699000006,211.91360142999997,100,1.6,7,0.0361328125,0.79052734375,0.228515625,0.2446351931330472,-1.6873827900480187,-15.676827530056377,0.0556100532412529,5.774210453033447,1.00341796875,,,,,,,,,,,,,
94,12,0,0.6666666666666666,0.4,1.0,0.75,0.3333333333333333,215.26720070000005,172.19040181999998,98,2.2448979591836733,10,0.0205078125,0.7412109375,0.19677734375,0.32,-1.3537031496544714,-11.767520833251346,0.05825727432966232,5.883824348449707,1.00390625,,,,,,,,,,,,,
95,10,0,0.6,0.5,0.5,1.0,0.5,192.87920188999993,153.74399970000002,91,1.945054945054945,10,0.0234375,0.755859375,0.26220703125,0.27459016393442626,-1.3051052591670276,-21.231428942242104,-0.04550144821405411,4.314096927642822,1.0039081582804104,,,,,,,,,,,,,
96,11,0,0.8181818181818182,0.5,0.6666666666666666,1.0,0.75,193.13600269999998,170.64239379999995,90,1.488888888888889,5,0.02783203125,0.7880859375,0.29736328125,0.33070866141732286,-1.6317366257547248,-25.430343215111723,-0.005859576165676117,4.715195655822754,1.00341796875,,,,,,,,,,,,,
97,13,0,0.6153846153846154,0.5714285714285714,1.0,0.3333333333333333,0.4,221.31360580999998,220.42800276499995,91,1.4175824175824177,4,0.025390625,0.77197265625,0.158203125,0.275,-1.5876567915440536,-10.51048257410928,0.031407035887241364,5.099225997924805,1.0039081582804104,,,,,,,,,,,,,
98,14,0,0.6428571428571429,0.25,0.3333333333333333,1.0,0.4,247.83039710000003,201.12800163999995,113,1.7345132743362832,7,0.0205078125,0.77099609375,0.2685546875,0.2740963855421687,-1.9464113009665156,-18.861157868773454,0.053965531289577484,8.297178268432617,1.00341796875,,,,,,,,,,,,,
99,12,0,0.8333333333333334,1.0,0.8333333333333334,0.75,0.8,220.2520042099999,201.33360142999996,91,1.3626373626373627,5,0.01611328125,0.75634765625,0.19580078125,0.28793774319066145,-1.4491937607674636,-12.73225433497083,0.08330675214529037,4.3977227210998535,1.00732421875,,,,,,,,,,,,,
100,11,0,0.7272727272727273,0.5714285714285714,1.0,1.0,1.0,200.6712017600001,155.98719979999998,90,1.9666666666666666,11,0.025390625,0.7548828125,0.19189453125,0.35177865612648224,-0.9338133217887528,-18.46065561717997,0.049012020230293274,5.459366798400879,1.00732421875,,,,,,,,,,,,,
101,14,0,0.6428571428571429,0.25,0.6666666666666666,0.8571428571428571,0.3333333333333333,256.2399941400001,219.99679727999992,111,1.936936936936937,11,0.037109375,0.7841796875,0.2763671875,0.3864306784660767,-1.784994683098251,-20.543545616964053,0.005178945139050484,5.832024574279785,1.00341796875,,,,,,,,,,,,,
102,10,0,0.6,0.3333333333333333,0.8,0.5,1.0,195.15040235000004,154.51120210000002,88,2.340909090909091,14,0.0244140625,0.7666015625,0.25634765625,0.25416666666666665,-1.2220124361394231,-31.830087871411983,0.07234379649162292,10.30042839050293,1.00341796875,,,,,,,,,,,,,
103,13,0,0.46153846153846156,0.5,0.4,0.5,0.4,233.3295999000001,197.21280349999998,99,1.5656565656565657,8,0.02294921875,0.76708984375,0.2236328125,0.3543307086614173,-1.4533674820397164,-24.300074322084193,-0.06552546471357346,6.048404216766357,1.00341796875,,,,,,,,,,,,,
104,12,0,0.75,0.4,1.0,1.0,0.3333333333333333,224.18560346999996,192.65280105000002,95,1.6105263157894736,6,0.02880859375,0.76904296875,0.1640625,0.27102803738317754,-1.3489842493705233,-7.351031233493463,0.05473218485713005,3.009432554244995,1.00732421875,,,,,,,,,,,,,
105,13,0,0.6153846153846154,0.3333333333333333,0.5714285714285714,1.0,0.5,217.97839972000003,178.66079879999995,100,2.07,11,0.02490234375,0.79638671875,0.205078125,0.31189710610932475,-0.9865025196718943,-16.070728142331216,0.12569445371627808,6.124807834625244,1.00341796875,,,,,,,,,,,,,
106,10,0,0.9,1.0,0.6666666666666666,1.0,0.0,198.33359938499999,156.24240037999996,87,1.6781609195402298,5,0.033203125,0.78955078125,0.23486328125,0.3727810650887574,-1.2333473281498273,-12.444031255721907,0.0844983458518982,6.432328224182129,1.003419638495359,,,,,,,,,,,,,
107,12,0,0.75,0.6,0.5,1.0,0.5,223.78240033999998,144.67840211,104,2.0288461538461537,9,0.02978515625,0.78466796875,0.30615234375,0.31412103746397696,-1.9358410870772298,-32.47913078050791,0.612529993057251,13.289033889770508,1.00341796875,,,,,,,,,,,,,
108,12,0,0.5833333333333334,0.25,0.5,1.0,0.0,217.40399959999996,155.6480046,99,2.101010101010101,10,0.0283203125,0.78173828125,0.3330078125,0.3289902280130293,-1.56730502777945,-33.816641720989246,0.0610993392765522,6.4014692306518555,1.00341796875,,,,,,,,,,,,,
109,12,0,0.6666666666666666,0.0,0.8,0.8,0.5,220.62080030000007,179.57920190299996,97,1.9381443298969072,9,0.021484375,0.79248046875,0.3125,0.3086816720257235,-1.3689893940454236,-36.55328536767598,0.01868656650185585,11.766547203063965,1.00341796875,,,,,,,,,,,,,
110,12,0,0.6666666666666666,0.0,0.5,1.0,0.75,223.51920127999992,162.67840090000004,100,2.44,12,0.04052734375,0.79833984375,0.2548828125,0.33112582781456956,-1.490063932368377,-22.454124268177143,0.08764885365962982,12.481134414672852,1.0029296875,,,,,,,,,,,,,
111,11,0,0.5454545454545454,0.4,0.5,0.75,0.5,193.76720333,185.66080204,89,1.550561797752809,4,0.03564453125,0.8076171875,0.244140625,0.3503184713375796,-0.6094798238141468,-28.313712196197912,0.0028174640610814095,5.207666397094727,1.00341796875,,,,,,,,,,,,,
112,10,0,0.7,0.6666666666666666,0.3333333333333333,1.0,1.0,192.78080060000002,153.18399779999996,90,2.3333333333333335,10,0.0283203125,0.740234375,0.16845703125,0.3445378151260504,-0.385215222624495,-16.833816305067383,0.00327170267701149,5.055603981018066,1.00341796875,,,,,,,,,,,,,
113,12,0,0.5833333333333334,0.0,0.5,0.8571428571428571,1.0,212.79200322000003,154.95280212,100,2.23,9,0.03466796875,0.77587890625,0.28466796875,0.36477987421383645,-1.3925652799771449,-22.31422886933407,0.13514471054077148,8.250593185424805,1.00341796875,,,,,,,,,,,,,
114,12,0,0.8333333333333334,nan,0.75,1.0,0.6666666666666666,231.98719690000007,172.832003,103,2.1553398058252426,13,0.025390625,0.759765625,0.22607421875,0.3025830258302583,-1.2513720540116635,-12.917479744884188,0.04906658083200455,5.930496692657471,1.00341796875,,,,,,,,,,,,,
115,8,0,0.25,0.25,0.3333333333333333,0.0,0.0,149.45120068999995,148.28000060000002,62,1.2741935483870968,4,0.08447265625,0.7529296875,0.30126953125,0.2734375,-1.0493117624354653,-39.087904008557985,0.06463451683521271,6.302067756652832,1.00341796875,,,,,,,,,,,,,
116,11,0,0.7272727272727273,0.5,1.0,1.0,1.0,192.90960219999994,148.04320326000004,89,2.404494382022472,12,0.033203125,0.7685546875,0.24853515625,0.30743243243243246,-1.2453401098500576,-20.30850014120822,0.08303898572921753,14.806574821472168,1.00341796875,,,,,,,,,,,,,
117,7,0,0.5714285714285714,0.25,1.0,1.0,nan,125.95119749999996,114.3248021,57,1.3508771929824561,4,0.2294921875,0.75732421875,0.462890625,0.362657091561939,-2.816312496160402,-128.34357818791813,0.12780731916427612,38.0070915222168,1.00732421875,,,,,,,,,,,,,
118,11,0,0.7272727272727273,0.5,1.0,0.75,0.8333333333333334,218.59360287999996,166.63279862000002,105,2.276190476190476,12,0.10107421875,0.810546875,0.34814453125,0.35445544554455444,-1.4873302541068445,-58.50086069947094,0.16968517005443573,25.509300231933594,1.00341796875,,,,,,,,,,,,,
119,10,0,0.5,0.8,0.0,0.5,0.3333333333333333,163.27439830000003,154.83280119999995,73,1.4931506849315068,4,0.18798828125,0.7490234375,0.36181640625,0.3610503282275711,-2.4213520820655146,-18.99865426568096,0.0765373557806015,30.12936019897461,1.00732421875,,,,,,,,,,,,,
120,7,1,0.42857142857142855,0.25,nan,0.6666666666666666,0.0,107.5888023,96.845603,48,1.6041666666666667,5,0.3212890625,0.8486328125,0.52734375,0.3505355404089581,-1.7078809155817185,-443.088641534216,0.16078194975852966,155.28948974609375,1.00732421875,,,,,,,,,,,,,
121,5,1,0.2,0.0,0.0,1.0,1.0,56.332798999999994,73.8879986,23,1.608695652173913,4,0.65869140625,0.8447265625,0.77783203125,0.2743362831858407,-3.9127617819166365,-797.89869892401,0.235526904463768,193.71194458007812,1.00341796875,,,,,,,,,,,,,
122,9,0,0.5555555555555556,0.3333333333333333,0.5,0.75,1.0,154.46959974099994,156.24719968000002,61,1.7049180327868851,6,0.3369140625,0.8408203125,0.49365234375,0.4018817204301075,-2.5631167051836674,-44.7593669519624,0.11048208177089691,691.955810546875,1.00341796875,,,,,,,,,,,,,
123,3,1,0.0,0.0,0.0,0.0,nan,28.1735994,41.268800500000005,11,1.0909090909090908,2,0.7890625,0.93994140625,0.83984375,0.4345314505776637,-5.6021483339236,-4045.2223945064034,0.3002496063709259,2766.49365234375,1.00341796875,,,,,,,,,,,,,
124,5,1,0.2,0.0,0.0,0.3333333333333333,0.0,34.559999,74.89600100000001,15,1.2666666666666666,3,0.763671875,0.953125,0.85888671875,0.4022813688212928,-2.1459249943266223,-3354.8897293120485,0.3689665198326111,9882.287109375,1.00341796875,,,,,,,,,,,,,
125,3,2,0.0,0.0,nan,0.0,0.0,17.2535984,40.1488012,9,1.7777777777777777,4,0.873046875,0.9892578125,0.95654296875,0.40735785953177256,-3.3453214778181652,-28471.97381681426,0.35287901759147644,179086.28125,1.0039081582804104,,,,,,,,,,,,,
126,7,1,0.0,0.0,0.0,0.0,0.0,0.0,102.9231973,0,0.0,0,0.970703125,1.0,0.99755859375,0.39551746868820037,-2.966829672486413,-12309.491619919198,0.37317031621932983,318141.1875,1.00341796875,,,,,,,,,,,,,
127,9,0,0.0,0.0,0.0,0.0,0.0,2.3520000000000003,180.0672,1,1.0,1,0.96826171875,1.0,1.0,0.4092526690391459,-4.499759845154598,-4629.34840253858,0.3251369893550873,150216.234375,1.00341796875,,,,,,,,,,,,,
128,1,1,0.0,nan,nan,0.0,nan,3.024000000000001,2.956799,2,1.0,1,0.99951171875,1.0,1.0,0.4153846153846154,-1.5766588268336468,-137966.4934578482,0.3037577271461487,2358967.5,1.00341796875,,,,,,,,,,,,,
129,3,2,0.0,nan,nan,0.0,0.0,0.0,25.065598630000004,0,0.0,0,0.9990234375,1.0,1.0,0.4404984423676013,-5.194671802467094,-117321.02762678642,0.34751802682876587,2418316.5,1.00341796875,,,,,,,,,,,,,
130,4,1,0.0,0.0,nan,0.0,0.0,0.0,62.88959900000002,0,0.0,0,0.9931640625,1.0,1.0,0.49937421777221525,-6.78218757316425,-74967.35872366994,0.3688960075378418,8982730.0,1.00341796875,,,,,,,,,,,,,
131,2,2,0.0,nan,nan,0.0,0.0,0.0,0.0,0,0.0,0,1.0,1.0,1.0,0.3650075414781297,-4.0394483650699415,-210953.0652852719,0.31532055139541626,8382557.5,1.00634765625,,,,,,,,,,,,,
132,1,1,0.0,nan,0.0,nan,nan,0.0,0.0,0,0.0,0,1.0,1.0,1.0,0.0,nan,-79858.34993814987,0.2750309407711029,150761.5625,1.0,,,,,,,,,,,,,
1,9,0,0.7777777777777778,1.0,0.3333333333333333,1.0,nan,175.94400159999995,157.0040023,73,1.36986301369863,5,0.04931640625,0.75439453125,0.259765625,0.2911392405063291,-1.2141254170364977,-1.3414774494056299,-0.02619045600295067,3.7890372276306152,1.0,,,,,,,,,,,,,
2,12,0,0.5,0.4,0.25,1.0,0.0,210.41279906999995,187.75519959999997,94,1.9893617021276595,11,0.04052734375,0.75732421875,0.275390625,0.3133047210300429,-0.9989418243512971,-3.76997334639152,0.07359635829925537,3.7484774589538574,1.00341796875,,,,,,,,,,,,,
1,5,1,0.6,0.0,1.0,0.6666666666666666,0.5,91.86960270000004,72.24800079999999,40,1.675,5,0.1142578125,0.59619140625,0.3671875,0.2824427480916031,-1.2973372765369078,-14.095464209491727,0.1646130383014679,4.4804887771606445,1.0011061946902655,,,,,,,,,,,,,
2,12,0,0.6666666666666666,0.3333333333333333,1.0,1.0,0.6666666666666666,218.20000352,209.10000238599983,97,1.6494845360824741,6,0.03369140625,0.79736328125,0.240234375,0.2840909090909091,-1.3231974575819032,0.3840469460231149,0.1028587818145752,6.579696178436279,1.0039081582804104,,,,,,,,,,,,,
3,13,0,0.5384615384615384,0.4,nan,0.625,0.6,224.80639998599997,215.2111990999999,94,1.4680851063829787,5,0.02685546875,0.80810546875,0.26416015625,0.3611111111111111,-1.0820081272478956,-5.39876488452891,0.08225393295288086,8.310064315795898,1.00341796875,,,,,,,,,,,,,
4,12,0,0.3333333333333333,0.0,0.25,0.75,0.3333333333333333,210.8072009999999,217.4672002999999,88,1.4545454545454546,5,0.03125,0.8134765625,0.33544921875,0.35454545454545455,-1.424476044039986,-11.64876305130462,0.0021649207919836044,11.414297103881836,1.00634765625,,,,,,,,,,,,,
5,10,0,0.7,0.6666666666666666,0.5,1.0,0.5,197.48479780000002,153.29600270000003,88,1.9090909090909092,9,0.03125,0.78466796875,0.4677734375,0.3305785123966942,-2.3977095910886437,-1.474951921849906,-0.024132108315825462,5.414508819580078,1.00341796875,,,,,,,,,,,,,
6,13,0,0.46153846153846156,0.0,0.42857142857142855,0.75,0.0,216.3272022,202.5024042,92,2.0217391304347827,9,0.03125,0.7626953125,0.384765625,0.33755274261603374,-0.8484569310625912,-4.147636276408796,0.02268189564347267,6.566694736480713,1.00341796875,,,,,,,,,,,,,
7,13,0,0.7692307692307693,0.6,0.0,1.0,1.0,236.84800057000004,173.53440488,112,1.9732142857142858,9,0.0146484375,0.74609375,0.31982421875,0.28289473684210525,-1.5282732267559134,5.739319743021998,0.04208968207240105,6.678589820861816,1.00341796875,,,,,,,,,,,,,
8,13,0,0.23076923076923078,0.0,0.25,0.5,0.0,183.05440439999995,230.9071997999999,75,1.44,5,0.02978515625,0.7255859375,0.20166015625,0.40625,-0.740523556397833,-14.142730374332597,0.003670584410429001,4.830534934997559,1.00634765625,,,,,,,,,,,,,
9,12,0,0.5,0.5,0.4,0.6,0.25,210.19279944999994,204.97280152999997,93,1.5806451612903225,6,0.02490234375,0.775390625,0.384765625,0.2980769230769231,-1.8444002050501966,-6.277663370954865,-0.0767005980014801,7.574713230133057,1.00390625,,,,,,,,,,,,,
10,12,0,0.75,1.0,0.0,1.0,1.0,230.16080158000003,176.79360128,102,1.8627450980392157,7,0.01123046875,0.77783203125,0.3349609375,0.35856573705179284,-1.5307891897737005,4.607703658754587,0.03826470300555229,6.61411190032959,1.0029296875,,,,,,,,,,,,,
11,13,0,0.38461538461538464,0.2,0.3333333333333333,0.6,0.2857142857142857,215.33600142899996,206.84640031,96,1.6979166666666667,8,0.021484375,0.787109375,0.31005859375,0.29385964912280704,-1.200973404337968,-7.022096810513587,-0.018240686506032944,4.770048141479492,1.00390625,,,,,,,,,,,,,
12,11,0,0.36363636363636365,0.0,0.6666666666666666,0.6666666666666666,0.4,196.37440169999996,197.70880133000006,83,1.7710843373493976,7,0.02490234375,0.75634765625,0.35693359375,0.3534136546184739,-1.6128622195973505,-9.390339912821739,-0.031825706362724304,6.003554821014404,1.00732421875,,,,,,,,,,,,,
13,13,0,0.3076923076923077,0.0,0.0,0.8,0.42857142857142855,197.7040012399999,193.86639849999995,92,3.130434782608696,14,0.0205078125,0.73046875,0.3193359375,0.29931972789115646,-1.0822615274247862,-5.7934547754880175,-0.034958478063344955,4.880095481872559,1.00341796875,,,,,,,,,,,,,
14,13,0,0.8461538461538461,0.75,0.75,1.0,1.0,241.07680027399988,203.30159778499998,101,1.6633663366336633,8,0.0146484375,0.7783203125,0.34814453125,0.4552238805970149,-1.5698970150886045,3.2765310118744226,0.06398744136095047,6.5597662925720215,1.00634765625,,,,,,,,,,,,,
15,11,0,0.36363636363636365,0.2,0.25,1.0,0.5,192.57439865000003,181.09599739999996,86,1.5465116279069768,6,0.01416015625,0.77294921875,0.33056640625,0.3961352657004831,-1.3032721707047759,-9.324694092702053,-0.11195707321166992,3.8713998794555664,1.0029296875,,,,,,,,,,,,,
16,10,0,0.9,0.6666666666666666,1.0,1.0,0.6666666666666666,199.40480115000003,131.583203,87,1.6666666666666667,6,0.0107421875,0.771484375,0.36767578125,0.3350253807106599,-1.5921088768010534,6.838819786008344,0.08142287284135818,5.45185661315918,1.00341796875,,,,,,,,,,,,,
17,11,0,0.5454545454545454,0.5,0.5,0.6666666666666666,0.3333333333333333,196.94480449500003,183.72000400000002,87,1.5862068965517242,6,0.02685546875,0.7451171875,0.26318359375,0.3197969543147208,-1.2499646488964378,-3.1479621572352987,-0.023827150464057922,3.7923543453216553,1.00390625,,,,,,,,,,,,,
18,12,0,0.5,0.0,0.25,1.0,0.5,211.42079579000006,191.28800289999998,97,1.9896907216494846,8,0.01513671875,0.7724609375,0.31689453125,0.34545454545454546,-1.742775751363353,-3.84700376963919,0.05817678943276405,5.9027791023254395,1.00341796875,,,,,,,,,,,,,
19,9,0,0.7777777777777778,1.0,0.5,1.0,0.5,151.82240224000003,107.36799895,77,3.25974025974026,13,0.0126953125,0.693359375,0.361328125,0.178125,0.05616528537156148,4.644664916500608,0.03775404393672943,4.694278717041016,1.00341796875,,,,,,,,,,,,,
20,12,0,0.75,0.5,1.0,1.0,1.0,236.59359719999998,184.27840234999996,108,1.8333333333333333,8,0.01123046875,0.78271484375,0.40966796875,0.3008130081300813,-0.2322019903598749,3.5854168062029927,0.0025779474526643753,7.3949666023254395,1.0,,,,,,,,,,,,,
21,12,0,0.75,0.0,0.3333333333333333,1.0,0.5,238.3552005140001,129.5520042,112,2.1517857142857144,9,0.0107421875,0.779296875,0.48046875,0.4022346368715084,-2.413612972547886,6.886837536154318,-0.02500985935330391,5.013370513916016,1.00341796875,,,,,,,,,,,,,
22,14,0,0.5,0.25,0.0,0.8571428571428571,0.6666666666666666,226.82880104000012,198.0000033099999,110,3.0545454545454547,15,0.0146484375,0.73193359375,0.38330078125,0.315028901734104,-2.2068726594508123,-0.8101215106097887,-0.08178876340389252,6.284000873565674,1.0063538611925709,,,,,,,,,,,,,
23,13,0,0.38461538461538464,0.0,0.25,0.8,0.5,230.17520036599996,185.25999979999995,104,2.451923076923077,13,0.009765625,0.77001953125,0.36474609375,0.3381294964028777,-1.06729608934663,-3.831158874529794,0.01666361838579178,7.539144992828369,1.0034213098729228,,,,,,,,,,,,,
24,10,0,0.6,0.5,0.6,1.0,1.0,202.95839945000006,175.66399816,88,1.7386363636363635,8,0.00927734375,0.71875,0.3603515625,0.28994082840236685,-1.3079455191920577,-2.5008442395469914,0.15798214077949524,6.390851974487305,1.003419638495359,,,,,,,,,,,,,
25,14,0,0.5,0.0,0.4,0.8333333333333334,0.75,232.75279809999998,200.9456015,102,2.303921568627451,13,0.0126953125,0.736328125,0.3876953125,0.2708333333333333,-1.767919685185716,-2.099122802300292,-0.04873785749077797,7.452398777008057,1.003419638495359,,,,,,,,,,,,,
26,11,0,0.8181818181818182,1.0,0.3333333333333333,1.0,0.5,201.51039995999992,149.1832031,100,2.09,8,0.01220703125,0.716796875,0.330078125,0.2936170212765957,-1.4429734527084983,6.6426541349003285,-0.1405540406703949,7.030420303344727,1.0073313782991202,,,,,,,,,,,,,
27,14,0,0.7142857142857143,0.5,0.5,0.875,0.8571428571428571,266.58320078,199.71199952899994,126,2.1746031746031744,11,0.00439453125,0.80810546875,0.5078125,0.3170731707317073,-2.582662489988165,3.4529318377410667,0.07735718041658401,7.84179162979126,1.003419638495359,,,,,,,,,,,,,
28,12,0,0.9166666666666666,1.0,1.0,0.8333333333333334,1.0,237.407999,181.5040028,105,1.7714285714285714,9,0.0048828125,0.78466796875,0.359375,0.3215686274509804,-1.0728350789306558,7.387653361997991,-0.06899553537368774,6.402560234069824,1.00341796875,,,,,,,,,,,,,
29,11,0,0.5454545454545454,0.5,0.3333333333333333,1.0,0.5,203.26320119999997,202.98400432999995,88,1.3522727272727273,5,0.0087890625,0.75048828125,0.2802734375,0.30303030303030304,-0.6607938899405303,-5.219499047853853,0.019009441137313843,5.105286598205566,1.003419638495359,,,,,,,,,,,,,
30,11,0,0.7272727272727273,0.5,1.0,1.0,0.3333333333333333,225.55999920799997,164.2080021,100,1.88,7,0.0126953125,0.72998046875,0.33984375,0.3767441860465116,-1.6815271112147678,4.744928248031388,0.03532886132597923,4.746300220489502,1.0034213098729228,,,,,,,,,,,,,
31,12,0,0.9166666666666666,0.8333333333333334,1.0,1.0,1.0,230.35759960000001,153.16800107999998,104,1.9807692307692308,10,0.0048828125,0.73291015625,0.4599609375,0.3940677966101695,-2.2301406876269594,7.724422394678292,0.02513086050748825,5.3670501708984375,1.0053763440860215,,,,,,,,,,,,,
32,12,0,0.4166666666666667,0.4,0.0,0.6,0.6,225.0792040269999,217.44800004000004,96,1.8958333333333333,9,0.00537109375,0.7734375,0.3330078125,0.3467741935483871,-1.3303368190242355,-6.148992944900776,0.05893203243613243,5.152138710021973,1.006350757205667,,,,,,,,,,,,,
33,12,0,0.5833333333333334,0.25,0.3333333333333333,1.0,0.6666666666666666,223.64480110000002,197.88800339999995,107,1.7009345794392523,6,0.005859375,0.77734375,0.357421875,0.3741258741258741,-1.8738559760741114,-2.3863381602778966,0.09264490008354187,5.841188430786133,1.003419638495359,,,,,,,,,,,,,
34,15,0,0.5333333333333333,0.42857142857142855,0.3333333333333333,0.8,0.5,267.23760393000003,261.8384021099999,114,1.4736842105263157,6,0.0068359375,0.787109375,0.40087890625,0.3467048710601719,-2.0000551712042456,-5.145947420689962,0.06767338514328003,6.167346954345703,1.00341796875,,,,,,,,,,,,,
1,11,0,0.36363636363636365,0.3333333333333333,0.0,1.0,0.5,198.28000239999997,192.86399979999996,82,1.4878048780487805,6,0.00439453125,0.7587890625,0.4189453125,0.4540229885057471,-1.6061272111940046,-6.403817061503281,0.059347596019506454,4.540740489959717,1.0,nan,nan,1.0,nan,1.3859224319458008,0.4105512499809265,0.03425443172454834,0.41933074593544006,0.4234505295753479,4.319596767425537,-1.1300349235534668,0,0.40966796875
2,13,0,0.38461538461538464,0.3333333333333333,0.2,0.6,0.4,240.65759839,235.8800036,96,1.3229166666666667,4,0.01171875,0.76904296875,0.298828125,0.3888888888888889,-1.1652560143479374,-4.981168095908851,-0.003908228129148483,6.8552350997924805,1.0087890625,nan,0.0,1.0,1.0,1.5084383487701416,0.4460914731025696,0.04254285991191864,0.42887723445892334,0.4231507480144501,2.7075605392456055,-0.6804258227348328,0,0.3955078125
3,14,0,0.5714285714285714,0.6666666666666666,0.5,0.6,0.8,257.67200396999993,217.15200432999995,108,1.4907407407407407,5,0.0048828125,0.7705078125,0.41943359375,0.3333333333333333,-1.9690376956220683,1.2234791280304644,0.17974111437797546,7.694846153259277,1.00341796875,1.0,0.0,nan,0.6666666666666666,1.3868706226348877,0.40439167618751526,0.0257115438580513,0.43892353773117065,0.4228828251361847,4.774429798126221,-1.2544407844543457,0,0.36572265625
4,11,0,0.6363636363636364,0.6666666666666666,0.6666666666666666,0.6,0.5,219.01599907000002,199.15999902,96,1.90625,12,0.00634765625,0.7529296875,0.33056640625,0.36666666666666664,-1.762683304829992,1.9339474207137166,0.09295818954706192,7.2892165184021,1.00341796875,1.0,0.0,0.5,1.0,1.4142087697982788,0.41879308223724365,0.028108034282922745,0.42802029848098755,0.4226861000061035,3.1788322925567627,-0.7592353224754333,0,0.3642578125
5,13,0,0.6153846153846154,0.6,0.5,0.75,0.5,225.4304007,195.08800404999988,93,1.4301075268817205,4,0.0029296875,0.78564453125,0.36083984375,0.4016393442622951,-1.2289551960465053,0.9073346001438429,0.08329523354768753,3.6102700233459473,1.00341796875,nan,nan,1.0,0.0,1.3692994117736816,0.375101238489151,0.02164848893880844,0.4171530306339264,0.4227209687232971,3.748460531234741,-0.9532880783081055,0,0.39990234375
6,15,0,0.6,0.4,0.6666666666666666,0.7142857142857143,0.6666666666666666,289.89360165,236.53600208,132,2.515151515151515,14,0.00341796875,0.81494140625,0.3740234375,0.29736842105263156,-1.4139676488963773,5.443466104826969,0.1156473159790039,8.70326042175293,1.00732421875,1.0,0.3333333333333333,1.0,nan,1.3485347032546997,0.3658529222011566,0.020042624324560165,0.4291194677352905,0.42283743619918823,4.235799312591553,-1.0735785961151123,0,0.41357421875
7,12,0,0.9166666666666666,0.6666666666666666,1.0,1.0,1.0,253.10160020000006,171.33439977999993,120,2.091666666666667,8,0.0048828125,0.765625,0.36279296875,0.40236686390532544,-1.9600045044278853,14.040809024583531,-0.025500081479549408,7.1317138671875,1.00341796875,1.0,nan,nan,1.0,1.3774150609970093,0.38767755031585693,0.01933985762298107,0.4285743236541748,0.4228830933570862,4.194452285766602,-0.9939450025558472,0,0.392578125
8,13,0,0.8461538461538461,1.0,0.6,1.0,0.75,251.3544011999999,202.62400823,103,1.3592233009708738,7,0.005859375,0.806640625,0.41650390625,0.3622641509433962,-2.107310106222471,8.11768076248038,0.05453801155090332,5.652036666870117,1.0029296875,1.0,1.0,1.0,1.0,1.316372275352478,0.34111249446868896,0.01599312573671341,0.401700884103775,0.42273443937301636,4.60079288482666,-1.2211062908172607,0,0.42529296875
9,14,0,0.8571428571428571,1.0,0.5,0.9090909090909091,0.5,268.8479991999999,181.23199959999997,126,2.015873015873016,8,0.0029296875,0.82568359375,0.400390625,0.39420289855072466,-1.8415190194426367,12.410150465102358,0.04343949258327484,6.341208457946777,1.00341796875,1.0,0.0,1.0,1.0,1.2962405681610107,0.34788474440574646,0.013294301927089691,0.41837358474731445,0.42270979285240173,4.446066856384277,-1.2353055477142334,0,0.40380859375
10,12,0,0.6666666666666666,0.4,0.0,1.0,0.6666666666666666,244.07200029999993,180.9680053999999,118,2.0677966101694913,10,0.00244140625,0.83251953125,0.40283203125,0.336996336996337,-1.4483020903622208,6.484759723086721,-0.0025997059419751167,6.414178848266602,1.003419638495359,1.0,nan,1.0,1.0,1.244023323059082,0.32659056782722473,0.013729004189372063,0.39534682035446167,0.4228752851486206,4.526608467102051,-1.1216078996658325,0,0.4716796875
11,14,0,0.7857142857142857,nan,0.3333333333333333,0.9090909090909091,0.5,273.47999999999996,192.49120077,129,2.5813953488372094,11,0.0029296875,0.8125,0.40087890625,0.33170731707317075,-1.6409523440240905,12.9775333119819,0.025037938728928566,7.399156093597412,1.003419638495359,1.0,0.5,1.0,1.0,1.289212703704834,0.3284797668457031,0.02201100066304207,0.35951828956604004,0.42284801602363586,5.4040937423706055,-1.3652091026306152,0,0.4189453125
12,14,0,0.7857142857142857,0.6666666666666666,1.0,0.8,0.5,257.96800141,201.96000345999994,118,1.8135593220338984,8,0.0048828125,0.83203125,0.43359375,0.3434065934065934,-1.9514536684581494,8.144295852948016,0.13329127430915833,6.770012855529785,1.00634765625,1.0,0.0,1.0,1.0,1.227020263671875,0.34075644612312317,0.016432158648967743,0.4022237956523895,0.42286399006843567,5.064333915710449,-1.3578708171844482,0,0.427734375
13,14,0,0.7142857142857143,0.5,0.3333333333333333,0.8888888888888888,0.75,267.5920018000001,187.52000189999995,130,2.5692307692307694,11,0.0029296875,0.81103515625,0.41259765625,0.3598014888337469,-1.8895942127168632,10.950462947036021,-0.10072273015975952,10.062787055969238,1.00341796875,1.0,0.5,1.0,1.0,1.2744970321655273,0.35896962881088257,0.015020850114524364,0.40095943212509155,0.4229193329811096,5.144425868988037,-1.3389360904693604,0,0.4072265625
14,13,0,0.6923076923076923,1.0,0.2,1.0,0.75,247.79040080000004,203.8720026,109,1.7798165137614679,7,0.0009765625,0.8046875,0.3916015625,0.3558282208588957,-1.8378111679424132,4.948185755945811,0.03148776292800903,4.737209320068359,1.00341796875,1.0,nan,nan,1.0,1.3073022365570068,0.36447077989578247,0.017163217067718506,0.4048572778701782,0.4228135347366333,5.031240463256836,-1.3001216650009155,0,0.39306640625
15,15,0,0.8666666666666667,1.0,0.5,0.9,0.75,293.0992013799999,217.56800370000005,125,1.808,8,0.0009765625,0.81396484375,0.40576171875,0.3609625668449198,-2.040232100583459,10.463908883337039,0.0026884637773036957,4.882162570953369,1.00341796875,1.0,0.75,nan,1.0,1.2654316425323486,0.3664339780807495,0.016296982765197754,0.43381208181381226,0.42267200350761414,5.3180389404296875,-1.367196798324585,0,0.41259765625
16,16,0,0.625,0.0,0.0,0.7692307692307693,0.8333333333333334,308.12159790000004,233.62400019999995,143,2.041958041958042,8,0.001953125,0.82763671875,0.482421875,0.3730684326710817,-2.4437574506231283,6.203414643624955,0.10412230342626572,9.650115966796875,1.00341796875,1.0,0.25,nan,1.0,1.2180941104888916,0.33917292952537537,0.014862895011901855,0.4216906428337097,0.42279741168022156,6.24212121963501,-1.7039602994918823,0,0.39404296875
17,15,0,0.7333333333333333,0.6,0.0,0.8888888888888888,0.6,286.8080017,217.20000105999992,126,1.8253968253968254,7,0.00244140625,0.81103515625,0.427734375,0.3287037037037037,-2.1460117130225473,8.26798693041056,0.07461343705654144,9.142447471618652,1.00341796875,1.0,0.5,1.0,1.0,1.2440659999847412,0.3512095808982849,0.01781722530722618,0.399286687374115,0.42317014932632446,5.722709655761719,-1.5292675495147705,0,0.4189453125
18,14,0,0.7142857142857143,0.0,1.0,0.8888888888888888,0.8,277.47840099999985,221.48960369999998,120,1.8416666666666666,10,0.00390625,0.82373046875,0.3818359375,0.40106951871657753,-1.6255303902696598,5.618350865453247,0.06573283672332764,7.647244930267334,1.00341796875,1.0,0.5,1.0,1.0,1.2274158000946045,0.3448898494243622,0.01539609394967556,0.4003337621688843,0.42291539907455444,4.272668838500977,-1.1425199508666992,0,0.408203125
19,15,0,0.7333333333333333,0.8333333333333334,0.6666666666666666,0.6666666666666666,0.8,282.18240077,231.8719985299999,122,1.7704918032786885,6,0.0029296875,0.80322265625,0.35400390625,0.32063492063492066,-1.6545354464062543,7.522265676080832,0.07092227041721344,10.090128898620605,1.00341796875,nan,0.5,1.0,0.6666666666666666,1.277421474456787,0.3752446174621582,0.01314556784927845,0.4208814203739166,0.4228253960609436,4.502054214477539,-1.184112787246704,0,0.42724609375
20,13,0,0.38461538461538464,0.5,0.25,0.3333333333333333,0.2,226.00000282999994,236.38400239999984,93,1.3870967741935485,4,0.00439453125,0.78662109375,0.21533203125,0.41711229946524064,-0.6416123827821956,-5.904633647090264,0.05807597190141678,5.01525354385376,1.00341796875,nan,0.0,0.0,1.0,1.306169867515564,0.4050281047821045,0.024624008685350418,0.3819289207458496,0.4229578971862793,1.9933832883834839,-0.4767592251300812,0,0.47705078125
21,13,0,0.7692307692307693,0.8333333333333334,0.5,0.8,0.5,261.0344019599999,194.56800172999993,119,1.9747899159663866,7,0.0029296875,0.78173828125,0.361328125,0.334384858044164,-1.455394877841715,8.404890151037021,-0.06640254706144333,8.901836395263672,1.00341796875,1.0,nan,0.5,1.0,1.1473958492279053,0.36737316846847534,0.017769113183021545,0.36141204833984375,0.4231113791465759,4.737257957458496,-1.2020163536071777,0,0.486328125
22,14,0,0.7857142857142857,1.0,0.25,1.0,0.8,271.21200298,216.7999988,123,1.7154471544715446,7,0.00048828125,0.7939453125,0.34326171875,0.3255208333333333,-1.6987316424872658,9.03843811931107,-0.07118019461631775,6.023710250854492,1.00341796875,1.0,nan,1.0,1.0,1.15424382686615,0.3476978540420532,0.01695157028734684,0.3789677023887634,0.42337650060653687,4.596020698547363,-1.1328020095825195,0,0.4921875
23,13,0,0.6923076923076923,0.5,nan,0.8571428571428571,0.4,240.58559899999992,203.20000025000002,107,1.5327102803738317,6,0.00537109375,0.7841796875,0.2626953125,0.3442028985507246,-0.5683704181525077,4.20939020296,-0.03869452700018883,6.553859710693359,1.00341796875,1.0,nan,0.5,1.0,1.3088130950927734,0.38363873958587646,0.029169825837016106,0.35592418909072876,0.4233900308609009,2.8692879676818848,-0.7928324937820435,0,0.45458984375
24,14,0,0.6428571428571429,0.6,0.4,1.0,1.0,270.84000134499996,242.29600369999997,115,1.6608695652173913,8,0.005859375,0.80126953125,0.34033203125,0.3772893772893773,-1.7114450273318804,2.8111293114829157,-0.012875949963927269,5.521552085876465,1.00341796875,nan,1.0,nan,1.0,1.2861571311950684,0.3705296218395233,0.03365454822778702,0.3779580295085907,0.42284631729125977,4.072220802307129,-1.1309901475906372,0,0.47119140625
25,14,0,0.7142857142857143,0.75,0.4,1.0,0.5,263.2679999999999,194.57600649999992,113,2.2389380530973453,12,0.005859375,0.76318359375,0.32568359375,0.32978723404255317,-1.4593670758029105,7.842784420259243,-0.03977784514427185,7.275074481964111,1.006350757205667,1.0,1.0,1.0,1.0,1.2770154476165771,0.3719746768474579,0.03644382953643799,0.3449997305870056,0.4227406680583954,4.657296657562256,-1.3334152698516846,0,0.443359375
26,14,0,0.5714285714285714,0.0,0.5,0.8571428571428571,0.5,276.79600073000006,232.50400327999998,121,2.0661157024793386,12,0.00341796875,0.8173828125,0.41015625,0.3647342995169082,-1.7101994426946137,2.0080225610262747,0.0871284008026123,9.33674430847168,1.00341796875,1.0,0.5,1.0,1.0,1.0961130857467651,0.3255569040775299,0.02022649720311165,0.37320876121520996,0.4224642813205719,5.746426582336426,-1.6019995212554932,0,0.52587890625
27,14,0,0.7857142857142857,0.6,0.8,1.0,0.75,270.1872030100001,224.02560069,121,1.7272727272727273,6,0.00390625,0.79150390625,0.33154296875,0.34316353887399464,-1.55197685413652,8.059753022272012,0.07656101882457733,10.195165634155273,1.00341796875,1.0,nan,1.0,1.0,1.2368450164794922,0.39591294527053833,0.03296922147274017,0.3622971773147583,0.42305228114128113,4.214576721191406,-1.1589860916137695,0,0.4912109375
28,15,0,0.7333333333333333,0.3333333333333333,0.6666666666666666,0.8888888888888888,0.8333333333333334,300.72079835999983,224.6480016499999,137,2.153284671532847,11,0.0048828125,0.8017578125,0.380859375,0.3671875,-1.8334212649992616,8.00704291759396,0.07607170939445496,11.425626754760742,1.00341796875,1.0,0.5,1.0,1.0,1.1433464288711548,0.3359028100967407,0.03364555537700653,0.3700013756752014,0.42318594455718994,5.930332660675049,-1.623003363609314,0,0.576171875
29,14,0,0.7142857142857143,0.0,0.8,1.0,1.0,262.73680267000003,197.88560079999996,114,1.5964912280701755,6,0.00732421875,0.76611328125,0.3662109375,0.2807570977917981,-1.918746414287449,6.630504008657328,0.0450538769364357,5.160848617553711,1.00341796875,1.0,nan,1.0,1.0,1.2327368259429932,0.36651432514190674,0.04959405958652496,0.3765247166156769,0.42330753803253174,5.113458633422852,-1.3663501739501953,0,0.5205078125
30,13,0,0.7692307692307693,0.75,0.6666666666666666,0.8333333333333334,0.5,240.17919999999987,206.8656026999999,106,1.6226415094339623,7,0.0107421875,0.755859375,0.24951171875,0.2908496732026144,-1.343842086972028,6.348356241149958,0.03654172271490097,6.408705711364746,1.003419638495359,1.0,1.0,0.0,1.0,1.255359411239624,0.362316370010376,0.03337612748146057,0.35898780822753906,0.4238818287849426,2.899285316467285,-0.752588152885437,0,0.47802734375
31,15,0,0.7333333333333333,0.3333333333333333,0.75,0.875,0.6,285.68799986999994,227.28000029999998,126,1.8650793650793651,7,0.00390625,0.80859375,0.34033203125,0.3785310734463277,-1.7937185602924104,7.286656186768822,-0.05346023291349411,6.02687406539917,1.00341796875,1.0,0.0,1.0,1.0,1.220752239227295,0.36122411489486694,0.020609036087989807,0.37450268864631653,0.4236662983894348,4.607799053192139,-1.3622801303863525,0,0.4921875
32,13,0,0.7692307692307693,0.6,0.6666666666666666,1.0,1.0,259.3759997999998,187.0304038999999,122,1.9262295081967213,7,0.0029296875,0.7724609375,0.3056640625,0.31007751937984496,-1.353188699680077,10.46701658004494,-0.0009298259392380714,8.093194961547852,1.00341796875,1.0,nan,1.0,1.0,1.2595021724700928,0.36578190326690674,0.024039220064878464,0.34901008009910583,0.42355307936668396,4.022006511688232,-1.0830436944961548,0,0.5048828125
33,15,0,0.8666666666666667,0.7142857142857143,1.0,1.0,0.8333333333333334,302.033598856,193.40639539999998,138,2.36231884057971,10,0.0009765625,0.8134765625,0.42626953125,0.3231197771587744,-2.1807957396258226,15.177837991465024,0.008199553936719894,7.433056831359863,1.0029296875,1.0,nan,nan,1.0,1.1839549541473389,0.33922117948532104,0.015768883749842644,0.3952147960662842,0.42355817556381226,6.321328163146973,-1.7475135326385498,0,0.5166015625
34,15,0,0.6666666666666666,0.8,0.5,0.6666666666666666,0.6666666666666666,289.90160123,238.84640499999998,124,1.6774193548387097,6,0.00390625,0.8017578125,0.42041015625,0.33505154639175255,-2.115075088152102,4.41341465884294,-0.07719150185585022,7.361777305603027,1.00732421875,1.0,0.5,nan,nan,1.1866624355316162,0.35857975482940674,0.019259098917245865,0.37863990664482117,0.42381173372268677,5.649395942687988,-1.6115961074829102,0,0.48486328125
35,13,0,0.7692307692307693,0.0,0.8,0.8571428571428571,1.0,253.84400040000003,194.69120328,109,1.871559633027523,9,0.00634765625,0.75830078125,0.3251953125,0.3487544483985765,-1.3385340950928624,7.711052530005626,0.028371650725603104,7.866376876831055,1.00537109375,1.0,nan,nan,0.75,1.2499932050704956,0.3981119990348816,0.01916925050318241,0.35557278990745544,0.42397716641426086,4.0422258377075195,-1.1362169981002808,0,0.49267578125
36,14,0,0.7142857142857143,0.6666666666666666,0.6,1.0,0.8,266.12720163,231.64799987999993,121,1.8016528925619835,10,0.00244140625,0.7705078125,0.31689453125,0.30097087378640774,-1.4863711056482207,4.392043083123096,-0.011995049193501472,6.259871482849121,1.00732421875,1.0,nan,nan,1.0,1.1809355020523071,0.3524499535560608,0.018690742552280426,0.34530723094940186,0.4246177673339844,4.144254684448242,-1.1002399921417236,0,0.51806640625
37,15,0,0.8666666666666667,1.0,0.5,1.0,1.0,303.0360004,201.65519899999993,136,1.8308823529411764,6,0.0029296875,0.79443359375,0.34912109375,0.35475578406169667,-1.5943077797786973,12.744401308893545,0.08552379161119461,5.346225261688232,1.00341796875,1.0,1.0,1.0,1.0,1.2442480325698853,0.3650819659233093,0.021513264626264572,0.35204359889030457,0.4251232147216797,5.027337074279785,-1.4461842775344849,0,0.51611328125
38,14,0,0.8571428571428571,1.0,0.75,0.8571428571428571,0.6,273.64479955,203.69920233000002,120,1.9333333333333333,8,0.00439453125,0.77734375,0.33984375,0.35911602209944754,-1.2658231309878527,10.922709286418652,0.04004741832613945,7.071494102478027,1.00341796875,1.0,0.0,1.0,1.0,1.1996054649353027,0.35777756571769714,0.02334658056497574,0.3671468496322632,0.42533448338508606,4.817139625549316,-1.3683741092681885,0,0.51171875
39,14,0,0.8571428571428571,0.8,nan,0.8888888888888888,0.8,271.98399939999996,196.184001818,121,1.9008264462809918,8,0.00439453125,0.7783203125,0.28857421875,0.3333333333333333,-1.283162398137576,11.013082737605618,-0.014020474627614021,5.668912410736084,1.00341796875,1.0,1.0,0.75,1.0,1.1542764902114868,0.3499935269355774,0.02362891659140587,0.3584984838962555,0.42533308267593384,3.6640682220458984,-0.9653698205947876,0,0.5322265625
40,16,0,0.875,0.6666666666666666,1.0,1.0,0.6666666666666666,322.3920005,248.98800214999986,138,1.7318840579710144,6,0.0068359375,0.80908203125,0.302734375,0.3924731182795699,-1.5458956068866012,10.662690769388794,-0.11575232446193695,5.109806537628174,1.00341796875,nan,1.0,1.0,1.0,1.1942765712738037,0.33381035923957825,0.027240633964538574,0.355381578207016,0.42513397336006165,3.6647965908050537,-1.0538194179534912,0,0.537109375
41,13,0,0.6923076923076923,0.5714285714285714,0.0,1.0,nan,244.18400120000004,202.13600134999993,103,1.5436893203883495,5,0.01025390625,0.74853515625,0.283203125,0.30662020905923343,-1.217840092666452,4.863920226876231,0.025822004303336143,5.797089099884033,1.0073277967757694,1.0,1.0,1.0,1.0,1.31361985206604,0.40271681547164917,0.029780220240354538,0.3340412974357605,0.4254196286201477,3.840831995010376,-1.1223845481872559,0,0.48779296875
42,16,0,0.75,1.0,0.0,0.8,0.5714285714285714,312.44639960000006,227.33599930999983,144,2.3819444444444446,14,0.00439453125,0.78955078125,0.333984375,0.345489443378119,-1.9993022324612257,9.591686188921122,0.1314907968044281,7.556857109069824,1.00341796875,1.0,0.5,0.6666666666666666,1.0,1.18353271484375,0.34699547290802,0.022264700382947922,0.34945011138916016,0.4257753789424896,5.445651054382324,-1.6460742950439453,0,0.4990234375
43,13,0,0.7692307692307693,0.5,0.75,1.0,1.0,265.7856011,208.17600299999998,122,1.8114754098360655,7,0.0029296875,0.77734375,0.27685546875,0.3333333333333333,-1.5231232842867195,8.65671869906577,0.004475196823477745,10.406167984008789,1.00390625,1.0,nan,1.0,nan,1.241904377937317,0.3809313178062439,0.028799446299672127,0.34570083022117615,0.4260041117668152,4.0740156173706055,-1.165438175201416,0,0.498046875
44,16,0,0.625,0.5,0.8,0.5714285714285714,0.5,288.3704005999999,249.64000253999993,122,1.540983606557377,5,0.0048828125,0.7978515625,0.27880859375,0.3574766355140187,-1.4294893979533216,2.4755747486617796,0.07321718335151672,8.159332275390625,1.0029296875,1.0,0.0,1.0,0.5,1.181016206741333,0.351437509059906,0.030226683244109154,0.35126635432243347,0.42608800530433655,4.374690532684326,-1.309319257736206,0,0.52294921875
45,14,0,0.6428571428571429,0.3333333333333333,0.5,1.0,0.6666666666666666,282.8799988100001,223.67040284999993,115,1.7130434782608697,7,0.00537109375,0.78564453125,0.26806640625,0.3695652173913043,-1.4739770815757887,4.112423461836501,0.053139135241508484,7.3495659828186035,1.0029296875,1.0,1.0,nan,1.0,1.160571813583374,0.3552227020263672,0.02217904105782509,0.3474855422973633,0.4258781373500824,4.58258581161499,-1.3618775606155396,0,0.49169921875
46,15,0,0.6,0.6666666666666666,0.2857142857142857,1.0,0.5,272.1663997999998,229.24800091999992,121,1.71900826446281,7,0.00341796875,0.77685546875,0.30859375,0.3224043715846995,-1.8546396408447374,2.3297089638358557,0.033978454768657684,7.240523338317871,1.00341796875,1.0,nan,1.0,nan,1.208465337753296,0.38478171825408936,0.018860168755054474,0.3868470788002014,0.426131010055542,5.020867824554443,-1.5212998390197754,0,0.490234375
47,15,0,0.6,0.4,0.4,1.0,0.5,290.13440095,225.95200199999996,127,1.8818897637795275,8,0.0009765625,0.75634765625,0.3212890625,0.3855421686746988,-1.8584688710037467,4.509645052265281,0.02218809351325035,6.724338531494141,1.00390625,1.0,nan,1.0,1.0,1.1918818950653076,0.37112540006637573,0.01859847456216812,0.3496387004852295,0.42627739906311035,5.594079971313477,-1.687455415725708,0,0.50537109375
48,14,0,0.5714285714285714,0.8,0.0,0.5714285714285714,0.3333333333333333,282.79680149999996,240.95999808000005,124,1.782258064516129,10,0.00390625,0.75732421875,0.27978515625,0.3048128342245989,-2.021994386657864,2.67902815947843,0.10271765291690826,6.820595741271973,1.0029296875,0.75,0.0,0.5,nan,1.2546838521957397,0.37517958879470825,0.024822192266583443,0.3816096782684326,0.42652428150177,5.146742820739746,-1.5691516399383545,0,0.44580078125
49,13,0,0.23076923076923078,0.6666666666666666,0.3333333333333333,0.0,1.0,232.13520433000005,236.5120005999999,93,1.8064516129032258,6,0.0048828125,0.79541015625,0.25732421875,0.35135135135135137,-1.948488818683827,-9.63467117665948,-0.033442676067352295,8.635826110839844,1.00341796875,0.0,0.0,0.0,0.0,1.1861367225646973,0.3434649705886841,0.019640814512968063,0.3610096871852875,0.42667320370674133,4.332594871520996,-1.426037073135376,0,0.53271484375
50,14,0,0.42857142857142855,0.0,0.8,0.3333333333333333,0.4,243.56640319999997,256.8240012499999,100,1.48,4,0.00244140625,0.8046875,0.21728515625,0.3547297297297297,-0.9238723806125185,-5.677918053248921,0.06201867014169693,9.013956069946289,1.00390625,0.25,nan,1.0,0.0,1.2472703456878662,0.32278722524642944,0.022417191416025162,0.31552398204803467,0.4263879656791687,2.758472442626953,-0.8936645984649658,0,0.5087890625
51,15,0,0.4666666666666667,0.3333333333333333,0.6666666666666666,0.4444444444444444,0.0,272.2488017,264.23839936499996,113,1.5221238938053097,5,0.00439453125,0.82666015625,0.150390625,0.3333333333333333,-1.3149012776345597,-3.3517466563817755,0.08879747241735458,10.521790504455566,1.00390625,0.5,nan,0.0,0.5,1.2827028036117554,0.31597429513931274,0.023762498050928116,0.3045905828475952,0.4266062080860138,2.563779592514038,-0.7710505723953247,0,0.55615234375
52,17,0,0.47058823529411764,0.25,0.5,0.5714285714285714,0.6666666666666666,305.8375997010001,304.64800069500006,126,1.3492063492063493,4,0.00244140625,0.84716796875,0.21337890625,0.3349875930521092,-1.870998778092909,-4.215996107225375,-0.12977854907512665,6.528939247131348,1.00341796875,0.6666666666666666,1.0,0.0,1.0,1.1911876201629639,0.26997238397598267,0.016756320372223854,0.35839688777923584,0.4265567362308502,4.387946128845215,-1.4083079099655151,0,0.54296875
53,13,0,0.46153846153846156,0.75,0.16666666666666666,0.6666666666666666,0.0,254.4176013219999,237.9359968,111,1.6936936936936937,7,0.00146484375,0.80322265625,0.14404296875,0.2853185595567867,-1.071050572842696,-1.5728971672116647,-0.06017099320888519,8.51746940612793,1.00732421875,1.0,1.0,0.0,nan,1.3060519695281982,0.3488185405731201,0.022958876565098763,0.30703842639923096,0.426571249961853,2.560227394104004,-0.7125262022018433,0,0.47705078125
54,16,0,0.9375,1.0,0.75,1.0,1.0,312.47919800000005,217.51200528999996,148,2.0405405405405403,11,0.001953125,0.8466796875,0.328125,0.32879377431906615,-1.5134513355198842,13.856491500646428,0.10289212316274643,12.539131164550781,1.00341796875,1.0,1.0,nan,1.0,1.0905964374542236,0.2988976240158081,0.011956745758652687,0.36926984786987305,0.4266389310359955,7.134030342102051,-2.1685826778411865,0,0.5576171875
55,13,0,0.8461538461538461,0.8,nan,0.875,nan,264.74080050000003,176.47200179999993,121,1.6942148760330578,6,0.0029296875,0.8115234375,0.26123046875,0.3168044077134986,-1.7619524957788688,11.466645330222763,0.0544414296746254,4.753108978271484,1.00341796875,nan,nan,0.6666666666666666,1.0,1.159144401550293,0.3467477262020111,0.010999521240592003,0.3645978271961212,0.4264867901802063,4.9090728759765625,-1.3717517852783203,0,0.560546875
56,6,1,0.5,0.5,0.5,nan,nan,83.6960005,72.08800000000002,35,1.4285714285714286,4,0.00244140625,0.5615234375,0.14111328125,0.25,-2.066385668191967,-3.8987619232995985,0.020010560750961304,3.106109619140625,1.00341796875,nan,nan,nan,nan,1.4026942253112793,0.5558902025222778,0.014821154065430164,0.29876744747161865,0.42678841948509216,3.5138301849365234,-0.9589258432388306,0,0.39599609375
57,8,1,0.25,0.3333333333333333,0.5,0.0,0.0,130.30559399999999,134.71200169999995,67,1.3582089552238805,4,0.0009765625,0.798828125,0.3232421875,0.27155172413793105,-1.644257126554688,-17.238998044708996,-0.016856800764799118,3.289557933807373,1.0,nan,0.0,0.0,0.0,1.3782589435577393,0.4520699381828308,0.014437125064432621,0.5095701217651367,0.42718806862831116,7.857296943664551,-2.4155845642089844,0,0.48681640625
58,14,0,0.5714285714285714,0.3333333333333333,0.3333333333333333,1.0,0.0,246.6799972999999,205.06400109999993,128,2.484375,12,0.001953125,0.75830078125,0.22802734375,0.2759493670886076,-1.5275637367286206,4.851391387209974,-0.021851740777492523,7.315726280212402,1.00341796875,1.0,nan,nan,1.0,1.1610559225082397,0.4003537893295288,0.011372681707143784,0.3259657919406891,0.42749786376953125,4.327198028564453,-1.2139859199523926,0,0.5244140625
59,14,0,0.5714285714285714,0.25,0.4,1.0,0.5,266.73599989999997,224.76800149999994,140,2.892857142857143,18,0.001953125,0.7998046875,0.2666015625,0.271356783919598,-2.116939455703003,5.526780962284249,0.016051143407821655,7.314652919769287,1.00732421875,1.0,1.0,nan,1.0,1.0571908950805664,0.3611813485622406,0.008542563766241074,0.32579946517944336,0.4271363317966461,5.369531154632568,-1.6002370119094849,0,0.60009765625
60,13,0,0.6153846153846154,0.42857142857142855,0.5,1.0,0.25,230.27199652000004,210.30480380000006,112,1.6071428571428572,8,0.0029296875,0.78564453125,0.20361328125,0.27247191011235955,-1.388112207090251,0.7707225384328628,-0.10195492208003998,5.630923271179199,1.00732421875,1.0,nan,1.0,1.0,1.0666041374206543,0.35254448652267456,0.00796997919678688,0.31575843691825867,0.4271378219127655,3.882100820541382,-1.1461529731750488,0,0.59033203125
61,13,0,0.5384615384615384,0.6,0.4,0.6666666666666666,0.5,262.53839964000014,223.20800275,124,1.653225806451613,6,0.00146484375,0.78955078125,0.20263671875,0.2876712328767123,-1.4544059875886668,0.7543171642200647,0.07367335259914398,5.352633953094482,1.0034213098729228,1.0,nan,0.5,nan,1.0753741264343262,0.36206185817718506,0.006061813794076443,0.3319547176361084,0.426967978477478,4.095556259155273,-1.167813777923584,0,0.63427734375
62,16,0,0.5625,0.375,0.5,0.8333333333333334,0.6666666666666666,277.03119750999997,263.2560020999998,140,2.0214285714285714,10,0.0009765625,0.85302734375,0.23828125,0.33125,-2.5220363678853217,1.4229168870889843,0.06042007356882095,9.324325561523438,1.0073349633251834,1.0,0.5,1.0,nan,0.9986609220504761,0.29356637597084045,0.00699565839022398,0.32267647981643677,0.4271491467952728,5.262422561645508,-1.606224536895752,0,0.6298828125
1,8,0,0.25,0.0,nan,0.4,0.0,124.87919409999995,125.78799840000003,69,2.4057971014492754,11,0.31591796875,0.5068359375,0.033203125,0.30017152658662094,0.25367158279752494,-4.667584964086511,-0.06922474503517151,5.18973445892334,1.0009770395701025,1.0,nan,0.0,0.0,0.4803502559661865,0.4851471483707428,0.2094685435295105,0.038780342787504196,0.36789947748184204,0.0018305147532373667,-0.0037828045897185802,3,0.33837890625
2,9,0,0.0,0.0,0.0,0.0,0.0,78.66879959999999,189.29600000000005,38,1.5,6,0.3564453125,0.55029296875,0.01220703125,0.20679012345679013,-0.0965348277815527,-24.193901001690943,0.0689048171043396,4.835775375366211,1.00390625,0.0,0.0,nan,nan,0.527617335319519,0.6169081926345825,0.3140202760696411,0.007437679450958967,0.3677787184715271,-0.014434020966291428,-0.0027400534600019455,1,0.46533203125
3,11,0,0.0,nan,0.0,0.0,0.0,66.0015945,224.9056,30,1.2666666666666666,3,0.35693359375,0.5625,0.0107421875,0.24186046511627907,-0.3545025947613936,-25.22026602454996,-0.03499084711074829,3.0105748176574707,1.00390625,0.0,0.0,0.0,0.0,0.5996955633163452,0.6157495975494385,0.3468353748321533,0.014321555383503437,0.36766237020492554,-0.060988277196884155,-0.008827476762235165,1,0.43994140625
4,11,0,0.0,0.0,0.0,0.0,0.0,55.641594,218.65600069999996,26,1.1153846153846154,2,0.404296875,0.5634765625,0.00927734375,0.2206896551724138,-0.3944658212881265,-26.644375012731075,0.08540166169404984,2.0627267360687256,1.00634765625,0.0,nan,0.0,0.0,0.5895073413848877,0.6100589632987976,0.3637349605560303,0.013721571303904057,0.3678951859474182,-0.06833355128765106,-0.03822719305753708,1,0.462890625
5,11,0,0.0,0.0,0.0,0.0,0.0,86.96799629999995,214.08639929999993,40,1.15,2,0.40673828125,0.57177734375,0.0107421875,0.1724137931034483,-0.35480421291497205,-23.53976664295202,-0.11337095499038696,2.036672830581665,1.00732421875,0.0,0.0,0.0,0.0,0.5869050621986389,0.6148108839988708,0.35289275646209717,0.009233726188540459,0.36779171228408813,-0.007358895614743233,-0.04758541285991669,1,0.48828125
6,10,0,0.0,0.0,0.0,0.0,0.0,54.118396499999996,208.62400000000002,26,1.3076923076923077,3,0.4111328125,0.580078125,0.0,0.2540983606557377,-0.21028502356239534,-25.47637289283197,-0.02037739008665085,1.5201914310455322,1.00732421875,0.0,nan,0.0,0.0,0.6394549608230591,0.6143636107444763,0.36350589990615845,0.0028231674805283546,0.3676421046257019,0.0008780395146459341,-0.024953223764896393,1,0.51708984375
1,10,0,0.4,0.3333333333333333,0.0,0.6,0.25,173.8335999,180.8104016,75,1.3733333333333333,4,0.1181640625,0.3916015625,0.015625,0.1870967741935484,0.32846103112425573,-2.6307871280588997,-0.012622931972146034,7.907125949859619,1.0,1.0,nan,0.0,1.0,0.5818160772323608,0.5336936116218567,0.14078381657600403,0.0,0.36775484681129456,-0.00531730568036437,-0.013749889098107815,0,0.49755859375
2,13,0,0.6923076923076923,0.6666666666666666,0.3333333333333333,1.0,0.625,230.04479700000005,204.74000203999998,97,1.5670103092783505,4,0.142578125,0.40234375,0.0146484375,0.2182741116751269,0.04491214708028551,6.8406717154328955,0.0010736547410488129,8.758556365966797,1.0048899755501222,1.0,1.0,nan,1.0,0.5418481826782227,0.5555123090744019,0.18163904547691345,0.0,0.3677617311477661,-0.007051140535622835,-0.000970546854659915,0,0.46337890625
3,13,0,0.07692307692307693,0.0,0.0,0.16666666666666666,0.25,194.86560599999993,255.4896014999999,79,1.379746835443038,4,0.1416015625,0.349609375,0.0068359375,0.23225806451612904,-0.1660680996040208,-13.25986210931563,0.01066821813583374,7.034377574920654,1.0073349633251834,nan,0.0,nan,0.25,0.5547892451286316,0.5498986840248108,0.1765075922012329,0.0,0.36789625883102417,0.0008985849563032389,-0.0286257341504097,0,0.53173828125
4,11,0,0.0,0.0,0.0,0.0,0.0,155.31039639999997,228.32480149999998,64,1.484375,6,0.15234375,0.3955078125,0.00830078125,0.32231404958677684,-0.09265651848760548,-17.310585507715857,0.02691756933927536,5.131050109863281,1.0029311187103078,0.0,nan,nan,0.0,0.5531327724456787,0.5438678860664368,0.16719463467597961,0.0,0.3679804503917694,-0.010215961374342442,-0.02814130298793316,0,0.44580078125
5,13,0,0.46153846153846156,0.5,0.5,0.42857142857142855,0.6666666666666666,210.72000059999993,203.4847994,85,1.576470588235294,6,0.1318359375,0.42041015625,0.0126953125,0.21578947368421053,0.12996584113503068,-0.06806475144127305,0.02013493701815605,6.807182788848877,1.006350757205667,nan,0.0,0.6666666666666666,0.5,0.5241551399230957,0.5570590496063232,0.1782090961933136,0.0,0.36763107776641846,0.01555525604635477,-0.032250627875328064,0,0.431640625
6,13,0,0.46153846153846156,0.375,nan,0.6,0.6,212.68000251,190.54000019999998,94,2.223404255319149,10,0.14697265625,0.4609375,0.013671875,0.0962566844919786,0.014688079601019156,3.3538290356463705,-0.07194919884204865,8.971970558166504,1.006356968215159,0.3333333333333333,nan,1.0,nan,0.452302485704422,0.5044187903404236,0.1764903962612152,0.0,0.3675329089164734,0.03457136079668999,-0.02266756072640419,0,0.5107421875
7,14,0,0.5,0.16666666666666666,0.0,0.8571428571428571,0.0,215.70080090000002,200.3207982,98,2.1020408163265305,8,0.13037109375,0.47216796875,0.01708984375,0.14084507042253522,0.2715052296641184,4.975595386853021,0.040285274386405945,10.929929733276367,1.003419638495359,1.0,nan,0.6666666666666666,1.0,0.412973016500473,0.4246092438697815,0.15295840799808502,0.0,0.3678514361381531,0.011303660459816456,-0.03202834352850914,0,0.54248046875
8,14,0,0.42857142857142855,0.25,0.2,0.8,0.75,209.30080109999997,233.61760128999998,89,1.696629213483146,5,0.13916015625,0.43017578125,0.01416015625,0.20901639344262296,-0.386795464537142,-1.3108831479779002,-0.07836276292800903,12.914701461791992,1.003419638495359,1.0,0.0,1.0,1.0,0.3811194896697998,0.4240533709526062,0.1498337686061859,0.0,0.3679808974266052,-0.0037646449636667967,-0.02903219871222973,0,0.54150390625
9,14,0,0.21428571428571427,0.0,0.14285714285714285,0.5,0.0,154.9440033,260.05440107400005,67,1.671641791044776,5,0.134765625,0.373046875,0.01025390625,0.24083769633507854,-1.0632051497647765,-12.609768790116997,0.02314450591802597,7.156564712524414,1.0034229828850856,1.0,0.0,1.0,0.0,0.3529382646083832,0.36730748414993286,0.13362610340118408,0.0,0.367972195148468,0.01437472552061081,-0.047605015337467194,0,0.45703125
10,14,0,0.35714285714285715,0.0,0.25,0.5714285714285714,nan,190.25519979999996,239.90880069999992,80,1.725,6,0.14013671875,0.41015625,0.0146484375,0.22,0.1052197129336646,-4.3217907125442085,0.00843573547899723,12.936107635498047,1.0024425989252566,0.0,1.0,1.0,0.5,0.3530508577823639,0.4069041609764099,0.14283668994903564,0.0,0.3677993416786194,0.0053591057658195496,-0.01576906256377697,0,0.60498046875
11,15,0,0.3333333333333333,0.25,0.0,0.5,0.2,183.79679610000008,243.70560060000008,80,1.9875,7,0.1318359375,0.42138671875,0.013671875,0.14184397163120568,0.04097929649545447,-6.561913497782877,0.10691771656274796,9.001249313354492,1.0029311187103078,0.75,nan,0.0,1.0,0.3483463227748871,0.3957553505897522,0.15749508142471313,0.0,0.36784827709198,-0.016918174922466278,-0.03855421766638756,0,0.50537109375
12,13,0,0.46153846153846156,0.0,0.5,0.8,0.5,187.96480037999996,226.94560139999996,84,1.6428571428571428,6,0.15625,0.408203125,0.01171875,0.26576576576576577,0.13215809335019385,-0.9723846099207023,0.04964357241988182,9.62809944152832,1.00390625,1.0,nan,0.6666666666666666,nan,0.3508449196815491,0.4258459806442261,0.15619240701198578,0.0,0.36780810356140137,0.028008606284856796,-0.022566698491573334,0,0.6220703125
13,15,0,0.26666666666666666,0.0,0.0,0.5714285714285714,0.0,171.04000389999993,266.7384002999999,73,1.5616438356164384,4,0.1318359375,0.3505859375,0.0087890625,0.21022727272727273,0.40936284529689915,-10.848979897264343,0.03780188784003258,9.213951110839844,1.00341796875,1.0,0.0,nan,0.5,0.36829811334609985,0.36623895168304443,0.15612414479255676,0.0,0.36800724267959595,-0.010164741426706314,-0.06010914593935013,0,0.4248046875
14,15,0,0.26666666666666666,0.0,0.0,1.0,0.0,154.72800089999998,259.4520015,68,1.7205882352941178,6,0.15234375,0.3486328125,0.009765625,0.105,0.16449783613246458,-10.643785031327214,0.06286822259426117,5.990891456604004,1.0029296875,1.0,nan,1.0,1.0,0.36883896589279175,0.32788193225860596,0.13303199410438538,0.0,0.36800694465637207,0.049675799906253815,-0.04948477819561958,0,0.4658203125
15,13,0,0.3076923076923077,0.0,0.0,0.5714285714285714,0.6666666666666666,176.46880421999998,224.77519439999995,76,1.763157894736842,6,0.1279296875,0.3955078125,0.013671875,0.1565217391304348,0.5159748508961601,-6.1769958460693495,0.03700869530439377,9.694762229919434,1.0029296875,0.3333333333333333,nan,1.0,0.0,0.33150815963745117,0.38720273971557617,0.15579625964164734,0.0,0.3679145574569702,0.07796184718608856,-0.07388289272785187,0,0.44482421875
16,15,0,0.3333333333333333,0.0,0.0,0.625,0.0,194.64800199999996,233.37920147000005,83,1.8674698795180722,7,0.1337890625,0.40576171875,0.01025390625,0.08366533864541832,0.5782123247519009,-5.055982003228223,-0.05813281983137131,12.331110000610352,1.00440097799511,0.6666666666666666,nan,nan,0.6,0.3048554062843323,0.3817027807235718,0.1459398865699768,0.0,0.36748361587524414,0.060053251683712006,-0.06771005690097809,0,0.4580078125
17,13,0,0.3076923076923077,0.0,0.0,0.8,0.0,162.91919790999998,234.67840339999998,72,1.5277777777777777,5,0.13818359375,0.4013671875,0.009765625,0.2731707317073171,0.44083624698371876,-7.479277239235003,-0.010264186188578606,10.139759063720703,1.0029296875,1.0,nan,nan,0.75,0.2584912180900574,0.39357155561447144,0.12835289537906647,0.0,0.36737060546875,0.02317114919424057,-0.016240114346146584,0,0.5751953125
18,16,0,0.5,0.0,1.0,1.0,0.42857142857142855,200.79039943000004,260.03600349999994,87,1.5977011494252873,6,0.1142578125,0.41845703125,0.01611328125,0.226890756302521,0.21051786161664157,-3.363011270144866,0.07228680700063705,8.748507499694824,1.00341796875,1.0,1.0,1.0,1.0,0.2499816119670868,0.352585107088089,0.11969409883022308,0.0,0.367304265499115,0.048844363540410995,0.013232954777777195,0,0.6416015625
19,14,0,0.6428571428571429,0.0,1.0,0.8888888888888888,0.5,210.3608009,228.36320436999995,92,1.608695652173913,5,0.10693359375,0.4189453125,0.01025390625,0.1836734693877551,0.09804649335647392,3.648401746534822,0.06383021175861359,7.883651256561279,1.0029296875,1.0,nan,0.5,1.0,0.23640692234039307,0.3359992206096649,0.1124713346362114,0.0,0.3670825958251953,0.020219504833221436,0.04034670442342758,0,0.69384765625
20,13,0,0.38461538461538464,0.0,0.5,0.6,0.3333333333333333,161.51600209999995,243.48799860000008,71,1.5492957746478873,4,0.076171875,0.33984375,0.01123046875,0.27692307692307694,0.19230834965917692,-8.4765120595771,0.15070833265781403,10.2269287109375,1.0029296875,0.3333333333333333,nan,1.0,1.0,0.22979658842086792,0.3223985433578491,0.09170182049274445,0.0,0.36686062812805176,-0.013264132663607597,0.006094018928706646,0,0.57958984375
21,14,0,0.42857142857142855,0.0,0.0,0.75,0.0,228.80239969999994,221.30400229999992,96,1.4895833333333333,6,0.0791015625,0.3994140625,0.01025390625,0.31496062992125984,-0.10489998255482207,-1.4793659112032493,0.08041693270206451,7.2221174240112305,1.0034213098729228,0.6666666666666666,1.0,1.0,0.5,0.2770594358444214,0.3514634072780609,0.11848662793636322,0.0,0.3667846620082855,0.0061221434734761715,0.11075165867805481,0,0.658203125
22,12,0,0.5,0.2857142857142857,0.0,1.0,0.0,152.51440270000006,194.08560309999996,73,1.8082191780821917,7,0.0830078125,0.37158203125,0.01025390625,0.21025641025641026,0.7685526110417548,-2.179159045996292,-0.00886729545891285,6.434718132019043,1.003419638495359,1.0,nan,1.0,1.0,0.2928403317928314,0.3481757938861847,0.11205677688121796,0.0,0.3670763373374939,-0.041083164513111115,0.008021632209420204,0,0.40869140625
23,15,0,0.4666666666666667,0.5,0.0,0.75,0.6666666666666666,193.25040239999996,282.0047978799999,85,1.6352941176470588,6,0.08935546875,0.439453125,0.013671875,0.16339869281045752,-0.03365356350001017,-5.4609169638262225,-0.07365848869085312,5.438851833343506,1.0029296875,1.0,1.0,1.0,0.5,0.37235456705093384,0.32259082794189453,0.14247091114521027,0.0,0.3669966459274292,-0.017291925847530365,0.06116041541099548,0,0.43994140625
24,14,0,0.35714285714285715,0.3333333333333333,0.2,0.5,0.0,211.77039589999995,231.92319909999998,89,1.8314606741573034,7,0.119140625,0.4619140625,0.0107421875,0.21232876712328766,0.5597410737907266,-3.730991335600176,0.0528903603553772,9.738780975341797,1.0029296875,0.6666666666666666,0.0,0.0,1.0,0.34291934967041016,0.38120707869529724,0.14106610417366028,0.0,0.3670341372489929,-0.015590677969157696,0.05528634041547775,0,0.44482421875
25,15,0,0.4,0.2,0.75,0.3333333333333333,0.5,212.2320001,264.27999969999996,91,1.4395604395604396,4,0.08056640625,0.37255859375,0.0087890625,0.28679245283018867,-0.5346966639458676,-6.187133715102186,0.043664440512657166,6.496693134307861,1.003419638495359,0.6666666666666666,0.0,0.0,0.0,0.3082496225833893,0.3311590850353241,0.1097165197134018,0.0,0.3672051429748535,0.030147597193717957,0.17081084847450256,0,0.64794921875
26,15,0,0.5333333333333333,0.0,0.2,0.875,1.0,240.51920270000005,244.4456010999999,107,1.8130841121495327,7,0.09765625,0.53515625,0.0126953125,0.19344262295081968,-0.6733213246624854,1.3694721552370706,0.043006040155887604,10.784337043762207,1.0024425989252566,0.5,1.0,1.0,1.0,0.33208411931991577,0.36105877161026,0.11562955379486084,0.0,0.36739838123321533,-0.0018798187375068665,0.2145063579082489,0,0.62744140625
27,14,0,0.35714285714285715,0.2,0.0,0.5714285714285714,0.3333333333333333,174.70639770000002,248.9024034999999,77,1.4935064935064934,5,0.09521484375,0.31103515625,0.00830078125,0.2796208530805687,-0.02615813988333185,-6.751374398825966,-0.0014414489269256592,8.735905647277832,1.0024425989252566,0.5,0.0,1.0,1.0,0.2761419415473938,0.3391354978084564,0.10901328176259995,0.0,0.36725467443466187,-0.04150061681866646,0.04807519167661667,2,0.46240234375
28,15,0,0.26666666666666666,0.2,nan,0.4,0.2857142857142857,164.58880249999999,271.4671963999999,67,1.3432835820895523,4,0.0654296875,0.3115234375,0.009765625,0.20833333333333334,1.1115639635206327,-12.8672690207236,-0.07387270033359528,6.145295143127441,1.00634765625,nan,0.0,0.5,0.5,0.31116726994514465,0.26522180438041687,0.0954892560839653,0.0,0.3671652674674988,-0.006363204214721918,0.0678209513425827,2,0.47705078125
29,16,0,0.0625,0.0,0.0,0.3333333333333333,0.0,110.21039910000003,315.25920235,41,1.1951219512195121,3,0.078125,0.24755859375,0.00341796875,0.2358490566037736,1.189439040574965,-21.95344548212753,0.03147629648447037,6.1803436279296875,1.00244140625,nan,0.5,0.0,nan,0.26111316680908203,0.3222564160823822,0.10633440315723419,0.0,0.36708754301071167,-0.030193578451871872,0.010992657393217087,2,0.5693359375
30,14,0,0.21428571428571427,0.0,0.2,0.3333333333333333,0.2,120.636796,248.11280593999996,50,1.44,5,0.06298828125,0.24365234375,0.00537109375,0.39316239316239315,0.14207377025304888,-17.006762933724,-0.0018110349774360657,4.954488754272461,1.005384238864415,0.5,nan,0.0,0.5,0.29576677083969116,0.27456092834472656,0.09454317390918732,0.0,0.36710456013679504,-0.034454017877578735,0.016204040497541428,2,0.59716796875
31,9,0,0.3333333333333333,0.25,0.0,0.5,0.0,84.74080049999998,168.08800018999997,36,1.3055555555555556,3,0.0390625,0.13916015625,0.0029296875,0.2755102040816326,0.6015547601874115,-13.659068991681542,0.09011505544185638,5.0083794593811035,1.0034229828850856,0.0,1.0,nan,0.5,0.35759299993515015,0.17596668004989624,0.04542914032936096,0.0,0.36709529161453247,-0.039600685238838196,0.00431723240762949,2,0.44384765625
32,13,0,0.38461538461538464,0.0,0.0,0.5555555555555556,0.4,181.66319941999996,230.85759957000005,75,1.3466666666666667,4,0.06494140625,0.29443359375,0.00830078125,0.3333333333333333,1.4590009881175805,-9.076380769915183,0.08315321058034897,7.669345378875732,1.00341796875,0.6666666666666666,1.0,0.0,0.6666666666666666,0.2713172435760498,0.31593504548072815,0.09318968653678894,0.0,0.36728009581565857,-0.025951756164431572,0.02093140222132206,2,0.54248046875
33,16,0,0.125,0.0,0.1,0.25,0.2,100.32639653,296.8648048399999,43,1.441860465116279,5,0.05712890625,0.16748046875,0.0029296875,0.4482758620689655,-0.10904063473271439,-19.783795570909994,0.07933928072452545,5.613668441772461,1.002932551319648,0.5,nan,0.0,0.0,0.2983095049858093,0.21451766788959503,0.07034851610660553,0.0,0.3675902783870697,-0.06290093064308167,0.01664191111922264,2,0.48583984375
34,15,0,0.4,0.16666666666666666,0.5,0.5714285714285714,0.0,196.38399749999996,254.89760109999997,84,1.7738095238095237,7,0.0625,0.34033203125,0.0048828125,0.38235294117647056,0.6708084620326752,-5.767784249192539,0.027506854385137558,7.85076379776001,1.002932551319648,0.0,nan,0.0,0.8,0.295488178730011,0.29371774196624756,0.0804770439863205,0.0,0.3678925633430481,0.007461708039045334,0.06942668557167053,2,0.44775390625
35,15,0,0.3333333333333333,0.25,0.5,0.2,0.0,219.928001553,267.70240732,86,1.3488372093023255,4,0.07958984375,0.47607421875,0.0126953125,0.21304347826086956,0.9698734024498515,-7.1594304765757695,-0.003898143768310547,8.247753143310547,1.002932551319648,nan,0.0,0.5,0.0,0.3498576283454895,0.3137212097644806,0.11146116256713867,0.0,0.3676900863647461,0.009739615023136139,0.027887839823961258,2,0.50927734375
36,15,0,0.26666666666666666,0.14285714285714285,0.5,0.25,0.25,164.57200027000002,271.49759762,69,1.4202898550724639,4,0.0947265625,0.3388671875,0.00439453125,0.2694300518134715,1.9339430897631311,-11.888918645764589,0.004205111414194107,5.866790771484375,1.002932551319648,0.0,nan,nan,0.5,0.2556708753108978,0.28755080699920654,0.0964135229587555,0.0,0.3674362897872925,-0.03712165355682373,-0.0424114391207695,2,0.59130859375
37,15,0,0.2,0.0,0.5,0.4,0.14285714285714285,170.79120472,275.62080432,71,1.352112676056338,3,0.06103515625,0.2958984375,0.00732421875,0.3468208092485549,1.1502660903641009,-14.390440737257089,0.0016317833214998245,6.240853309631348,1.0063538611925709,0.25,nan,1.0,nan,0.24887579679489136,0.305269718170166,0.08612968772649765,0.0,0.3676307797431946,-0.051675163209438324,-0.021780017763376236,2,0.66845703125
38,14,0,0.42857142857142855,0.75,0.0,0.5,0.16666666666666666,194.01040325600002,237.86320564999986,88,2.090909090909091,9,0.06787109375,0.3681640625,0.00927734375,0.30180180180180183,1.2704332928850244,-3.6255625058584124,-0.008339418098330498,9.747243881225586,1.0029311187103078,0.5,nan,0.0,0.6666666666666666,0.2676902115345001,0.3206220269203186,0.10108426213264465,0.0,0.36777928471565247,-0.045967333018779755,0.012453336268663406,2,0.609375
39,16,0,0.125,0.0,0.25,0.25,0.0,163.41920089999996,293.25199891299997,64,1.40625,6,0.06640625,0.30078125,0.00537109375,0.33121019108280253,0.9947083864642299,-16.855532534095744,0.05914220213890076,6.364893913269043,1.0034213098729228,0.0,0.0,nan,0.5,0.2484206259250641,0.3182070255279541,0.08901935070753098,0.0,0.367771178483963,-0.08992515504360199,0.012295642867684364,2,0.6611328125
40,13,0,0.46153846153846156,0.3333333333333333,0.3333333333333333,0.5714285714285714,0.6666666666666666,192.6831974,242.42960569999994,86,1.4651162790697674,4,0.0888671875,0.41015625,0.00927734375,0.3739495798319328,0.9954962972234351,-3.5139104513119794,-0.01656564325094223,8.926448822021484,1.002932551319648,0.5,1.0,0.0,0.6666666666666666,0.27773773670196533,0.319277286529541,0.10686705261468887,0.0,0.3675547242164612,-0.06477039307355881,0.06157239153981209,2,0.6171875
41,16,0,0.25,0.3333333333333333,0.0,0.375,0.0,182.44639869999997,280.79359839999995,80,1.6,6,0.06396484375,0.3310546875,0.0068359375,0.2972972972972973,0.9700947603642782,-12.462757057689457,-0.05347173288464546,8.24104118347168,1.0029311187103078,0.3333333333333333,1.0,0.0,0.0,0.2536841034889221,0.2966931164264679,0.0819997787475586,0.0,0.3673098087310791,-0.14087066054344177,0.014849824830889702,2,0.66748046875
42,15,0,0.3333333333333333,0.0,0.5,0.3333333333333333,0.16666666666666666,215.55919975,272.4760046,89,1.4382022471910112,4,0.07275390625,0.32958984375,0.0087890625,0.2896825396825397,0.6323211788678474,-7.6616142493585055,-0.021339671686291695,6.665985107421875,1.00440097799511,0.2,1.0,0.3333333333333333,0.3333333333333333,0.2601041793823242,0.32487693428993225,0.09143386036157608,0.0,0.3671865463256836,-0.0837983787059784,0.04078218713402748,2,0.57666015625
43,13,0,0.15384615384615385,0.0,0.3333333333333333,0.25,0.2,169.63759944699999,248.51440227999996,70,1.3714285714285714,4,0.05712890625,0.359375,0.00634765625,0.48514851485148514,3.0771277500988448,-14.946732014129676,0.009973449632525444,9.430923461914062,1.0029311187103078,nan,1.0,0.0,0.0,0.2335948348045349,0.3209216892719269,0.07098525017499924,0.0,0.36688560247421265,-0.033080898225307465,0.03680706396698952,2,0.63134765625
44,15,0,0.6,0.2,0.5,0.875,0.5,191.84000306,229.9263997,85,2.2941176470588234,8,0.06591796875,0.4501953125,0.01123046875,0.3283582089552239,1.7594760010782078,1.312025159584027,-0.026881376281380653,7.555095672607422,1.0034229828850856,1.0,1.0,1.0,0.6666666666666666,0.2950296998023987,0.33557969331741333,0.09879589080810547,0.0,0.36701178550720215,-0.04552462697029114,0.048971619457006454,2,0.5869140625
45,14,0,0.35714285714285715,0.0,0.0,0.5555555555555556,0.0,216.60160190000005,243.1072051,88,1.6022727272727273,6,0.0869140625,0.45556640625,0.01025390625,0.31896551724137934,0.4866316160482175,-4.903987662025718,-0.049559153616428375,7.297519683837891,1.0034229828850856,0.75,1.0,1.0,0.0,0.2668607234954834,0.33447179198265076,0.12141203880310059,0.0,0.3667621612548828,-0.04828178137540817,-0.03015425242483616,2,0.61474609375
46,14,0,0.21428571428571427,0.0,0.2,0.5,0.0,155.2312028,268.82720043999996,60,1.35,3,0.07177734375,0.40576171875,0.0068359375,0.3433734939759036,1.467399916906204,-15.3524585401174,0.09636062383651733,7.657289505004883,1.002932551319648,1.0,1.0,nan,0.0,0.2921079993247986,0.32657724618911743,0.09157107025384903,0.0,0.3665742874145508,-0.06238742172718048,-0.08940768241882324,2,0.60546875
47,13,0,0.3076923076923077,0.0,0.3333333333333333,0.75,0.5,187.46240072400002,238.44320585999992,78,1.7435897435897436,7,0.1240234375,0.50537109375,0.00927734375,0.3106796116504854,0.2833001881978422,-7.0383485070296485,-0.06183607876300812,7.331964015960693,1.003419638495359,1.0,nan,nan,0.5,0.31683722138404846,0.31621253490448,0.12480729073286057,0.0,0.3665327727794647,-0.060817696154117584,0.019773758947849274,2,0.484375
48,15,0,0.3333333333333333,1.0,0.25,0.3,0.3333333333333333,203.9920015,260.4655998900001,89,1.3595505617977528,3,0.0908203125,0.337890625,0.0068359375,0.4474885844748858,1.5618819187685529,-8.893538514685135,0.0016954615712165833,7.238739013671875,1.006350757205667,0.5,1.0,0.0,0.2,0.292634516954422,0.35109737515449524,0.09996408224105835,0.0,0.3663358688354492,-0.13180376589298248,-0.15834808349609375,2,0.59375
49,14,0,0.35714285714285715,0.25,0.5,0.5,0.3333333333333333,167.9560013,250.2064030169999,67,1.328358208955224,4,0.09033203125,0.3935546875,0.00634765625,0.2635135135135135,0.964938698313053,-9.151121928970008,0.02518073096871376,5.778900623321533,1.0029311187103078,0.5,nan,nan,0.5,0.3124338388442993,0.30698084831237793,0.10102476179599762,0.0,0.3661286234855652,-0.11430881917476654,-0.08491461724042892,2,0.51318359375
50,15,0,0.26666666666666666,0.2,0.0,0.6,0.0,153.95680062000002,272.59680155000007,63,1.492063492063492,4,0.07666015625,0.345703125,0.0087890625,0.2918918918918919,1.3612209420351973,-13.554205694426782,0.060511477291584015,6.53203821182251,1.0029339853300734,nan,0.5,0.5,1.0,0.2670052945613861,0.28441810607910156,0.08327623456716537,0.0,0.36599665880203247,-0.1412244737148285,-0.17051365971565247,2,0.5966796875
51,16,0,0.25,0.0,0.0,0.4,0.4,212.49440079999985,288.45520089999997,86,1.6511627906976745,6,0.09765625,0.42919921875,0.01025390625,0.2669039145907473,0.8817166269019282,-9.671457986258982,0.05061747506260872,6.90468692779541,1.0053789731051346,0.3333333333333333,0.3333333333333333,0.5,0.5,0.30780571699142456,0.31082355976104736,0.10815905034542084,0.0,0.3659498393535614,-0.1146986335515976,-0.17744329571723938,2,0.63720703125
52,12,0,0.5833333333333334,0.4,1.0,0.6666666666666666,1.0,205.30000062999991,213.72560210999993,92,1.6304347826086956,5,0.0908203125,0.49560546875,0.01220703125,0.35826771653543305,1.075671732426377,1.0695897135610661,-0.04013245552778244,7.842339515686035,1.002932551319648,0.5,nan,nan,0.75,0.3436908721923828,0.37284982204437256,0.11726073175668716,0.0,0.365898072719574,-0.10987268388271332,-0.052254386246204376,2,0.47607421875
53,11,0,0.2727272727272727,0.5,0.0,0.25,0.0,167.56000157000005,187.92240236999996,72,1.5277777777777777,5,0.05517578125,0.30859375,0.00830078125,0.4126984126984127,1.0051809126211824,-8.369442814847101,0.001908719539642334,6.3383469581604,1.0034229828850856,1.0,0.0,0.0,nan,0.262803852558136,0.30931663513183594,0.07775545865297318,0.0,0.3660171926021576,-0.0999995768070221,-0.23759914934635162,2,0.6494140625
54,14,0,0.21428571428571427,0.25,0.2,0.2,0.0,151.2408013,273.5304057299999,57,1.4385964912280702,6,0.06396484375,0.2587890625,0.005859375,0.38524590163934425,0.9412742976368088,-14.389583026719155,0.019696317613124847,5.8784027099609375,1.0053763440860215,0.5,nan,0.0,0.0,0.2926640510559082,0.2975950837135315,0.09023590385913849,0.0,0.36604228615760803,-0.07849770039319992,-0.25444406270980835,2,0.609375
55,15,0,0.26666666666666666,0.16666666666666666,0.0,0.5,0.4,180.83440228000003,263.88400251000013,78,1.5256410256410255,5,0.07666015625,0.3662109375,0.00732421875,0.3157894736842105,1.537299099185266,-11.406344350642765,0.04358230531215668,7.61122465133667,1.0029311187103078,0.0,1.0,nan,0.5,0.31062543392181396,0.3586100935935974,0.10390308499336243,0.0,0.3660455346107483,-0.06893005967140198,-0.11261941492557526,2,0.55615234375
56,13,0,0.3076923076923077,0.0,0.25,0.42857142857142855,0.0,173.03360175000003,238.07439858399997,72,1.5416666666666667,6,0.07763671875,0.27392578125,0.0078125,0.3958333333333333,1.1619465000423428,-9.266876595387464,0.07409296184778214,3.9510843753814697,1.0029296875,nan,0.5,0.5,0.3333333333333333,0.26779648661613464,0.3188663125038147,0.09705886989831924,0.0,0.3659374713897705,-0.0883132740855217,-0.18930745124816895,2,0.6513671875
57,15,0,0.4,0.25,0.0,0.625,0.4,196.94000481799992,259.70960266,83,1.5301204819277108,4,0.0888671875,0.3798828125,0.00732421875,0.31958762886597936,1.044162704633592,-6.4712749485114776,-0.05639961361885071,6.765814781188965,1.00341796875,0.3333333333333333,0.5,nan,1.0,0.304695725440979,0.3697095811367035,0.09734174609184265,0.0,0.3656206429004669,-0.10735195875167847,-0.041140489280223846,2,0.5498046875
58,14,0,0.07142857142857142,0.0,0.25,0.0,0.16666666666666666,119.93199939999997,268.01519922399996,49,1.2653061224489797,3,0.04638671875,0.24365234375,0.0048828125,0.3684210526315789,1.5085804019512843,-20.34142679385621,-0.03321196511387825,4.5351667404174805,1.002932551319648,0.0,nan,0.0,nan,0.20367702841758728,0.32640260457992554,0.06432899832725525,0.0,0.3654334843158722,-0.07808634638786316,-0.22282856702804565,2,0.6943359375
59,13,0,0.3076923076923077,0.25,0.5,0.2857142857142857,0.3333333333333333,175.83119953,228.61440160000004,77,1.3246753246753247,3,0.04638671875,0.23876953125,0.00732421875,0.4782608695652174,1.1022664946297078,-9.66147349444457,0.10522450506687164,5.293292999267578,1.0063538611925709,0.3333333333333333,nan,0.5,0.0,0.1990528404712677,0.31189602613449097,0.07208441197872162,0.0,0.36528947949409485,-0.06063544750213623,-0.10601192712783813,2,0.603515625
60,15,0,0.4,0.0,0.0,0.6666666666666666,0.4,191.9528057599999,236.496802508,83,1.9036144578313252,8,0.0869140625,0.3828125,0.00634765625,0.3045267489711934,1.0131680213607426,-4.826337492859414,0.028962522745132446,6.789543628692627,1.0024461839530332,0.5,1.0,0.0,1.0,0.2944667637348175,0.388713002204895,0.10931038111448288,0.0,0.36511555314064026,-0.046229567378759384,-0.08788608014583588,2,0.5693359375
61,14,0,0.2857142857142857,0.0,0.0,0.4444444444444444,0.5,179.92480079999987,253.31599989999998,74,1.6216216216216217,6,0.083984375,0.37255859375,0.0078125,0.3481781376518219,1.4360944218107947,-9.861384131794784,-0.00591694749891758,6.511617660522461,1.0034229828850856,0.6666666666666666,1.0,0.0,0.0,0.2777746915817261,0.3384580612182617,0.10162803530693054,0.0,0.36505043506622314,-0.08231109380722046,-0.08753727376461029,2,0.54296875
62,13,0,0.23076923076923078,0.25,0.0,0.2857142857142857,0.0,178.37920699999998,220.8472031,82,1.5,5,0.0673828125,0.35302734375,0.00732421875,0.42323651452282157,0.23689265836164128,-9.297845246053301,-0.09431564807891846,8.00471305847168,1.0053763440860215,0.3333333333333333,nan,0.3333333333333333,0.0,0.25811055302619934,0.38340193033218384,0.07832962274551392,0.0,0.3652285933494568,-0.06932155787944794,-0.05458657816052437,2,0.48828125
63,13,0,0.15384615384615385,0.0,0.0,0.4,0.0,162.78880473999996,254.5352049739999,66,1.2727272727272727,3,0.0654296875,0.2490234375,0.00341796875,0.4873417721518987,1.9954075829357578,-15.518548014422523,-0.010226345621049404,6.38922119140625,1.006350757205667,0.0,nan,1.0,0.3333333333333333,0.20770521461963654,0.31836414337158203,0.06568732857704163,0.0,0.365339994430542,-0.05790592357516289,-0.16751816868782043,2,0.61962890625
64,14,0,0.07142857142857142,0.0,0.0,0.3333333333333333,0.0,140.8736028,275.43600217,56,1.4285714285714286,6,0.05322265625,0.28271484375,0.005859375,0.3464566929133858,1.420286112656111,-18.054341450671284,-0.019891034811735153,6.291679382324219,1.0029296875,0.0,1.0,nan,nan,0.22504541277885437,0.373534619808197,0.06811074167490005,0.0,0.36521226167678833,-0.0953187495470047,-0.16429631412029266,2,0.6181640625
65,12,0,0.3333333333333333,0.0,1.0,0.5,0.5,181.53120148999994,209.10800282699998,77,1.6623376623376624,6,0.0458984375,0.32421875,0.009765625,0.375,1.2209555383840123,-6.083814951507899,0.012129656970500946,6.204680919647217,1.0073349633251834,0.5,0.0,1.0,0.5,0.2454398274421692,0.3626652956008911,0.05959870666265488,0.0,0.3656574487686157,-0.06083642318844795,-0.12647974491119385,2,0.55908203125
66,15,0,0.26666666666666666,0.0,0.0,0.6666666666666666,0.4,182.82239939999997,265.28480174,76,1.381578947368421,4,0.03662109375,0.2607421875,0.00537109375,0.3924050632911392,0.9095274981363108,-11.388452574307316,-0.13009542226791382,4.842985153198242,1.0053737176355642,1.0,1.0,0.0,0.0,0.23606745898723602,0.35004374384880066,0.05693185329437256,0.0,0.36614754796028137,-0.06266237795352936,-0.22193214297294617,2,0.654296875
67,14,0,0.21428571428571427,0.0,0.25,0.4,0.2,159.8592,259.3168035299999,67,1.4328358208955223,4,0.0361328125,0.2587890625,0.00634765625,0.40331491712707185,0.8400407552180749,-14.020783673802097,0.03156733885407448,3.1325759887695312,1.0029311187103078,0.5,nan,0.5,0.0,0.23582157492637634,0.33164411783218384,0.054991669952869415,0.0,0.36596131324768066,-0.05431441217660904,-0.0921512097120285,2,0.537109375
68,12,0,0.4166666666666667,0.3333333333333333,0.0,0.6,0.0,170.08480222,211.51680321819998,76,1.4736842105263157,5,0.04052734375,0.37060546875,0.009765625,0.29533678756476683,1.442869977273589,-5.655463595773284,0.16954423487186432,6.905979633331299,1.0034213098729228,1.0,0.0,nan,0.6666666666666666,0.2697879672050476,0.4060194492340088,0.06419292092323303,0.0,0.3660963475704193,-0.06805664300918579,-0.13668903708457947,2,0.64013671875
69,13,0,0.38461538461538464,0.0,0.5,0.5714285714285714,0.0,187.98240213000005,227.27680429999992,82,1.5731707317073171,5,0.03369140625,0.349609375,0.0087890625,0.3068181818181818,0.711444401871397,-5.510409699108698,-0.05368144065141678,7.633848190307617,1.0034229828850856,1.0,nan,nan,0.25,0.28005629777908325,0.4214540421962738,0.048725709319114685,0.0,0.3662465810775757,-0.11748859286308289,-0.059522923082113266,2,0.50927734375
70,13,0,0.3076923076923077,0.3333333333333333,0.0,0.6,0.25,176.19439989999998,233.43200556999994,72,1.3194444444444444,3,0.017578125,0.328125,0.01171875,0.34782608695652173,1.9844878153216663,-8.594869751129467,-0.05727187171578407,6.330436706542969,1.0029296875,0.0,nan,nan,0.75,0.2558329701423645,0.3907957077026367,0.051559947431087494,0.0,0.3659350275993347,-0.10285654664039612,-0.09379029273986816,2,0.54248046875
71,14,0,0.35714285714285715,0.16666666666666666,0.0,0.8,0.0,184.03360586000002,226.93840518000002,78,1.705128205128205,6,0.02880859375,0.2744140625,0.00732421875,0.373134328358209,2.53667504673347,-6.666210779250077,-0.008454587310552597,4.6125712394714355,1.0029339853300734,nan,nan,0.5,1.0,0.23656237125396729,0.3449476361274719,0.052156172692775726,0.0,0.3657003939151764,-0.10147117078304291,-0.09946483373641968,2,0.490234375
72,14,0,0.42857142857142855,1.0,0.2,0.5,0.16666666666666666,181.57359717499997,239.01199989,81,1.8271604938271604,6,0.0322265625,0.28515625,0.00927734375,0.4076086956521739,0.9966219869100037,-4.436953633245439,-0.02801378071308136,8.02037525177002,1.002932551319648,0.42857142857142855,nan,nan,1.0,0.2536512017250061,0.3781317174434662,0.05563005059957504,0.0,0.3654392659664154,-0.09951022267341614,-0.08018451929092407,2,0.5009765625
73,13,0,0.46153846153846156,0.3333333333333333,0.5,0.5,0.3333333333333333,185.07840305000002,211.62560046000004,79,1.7088607594936709,6,0.0419921875,0.31005859375,0.01123046875,0.3553299492385787,2.901448939884532,-3.0169811995803104,0.046227388083934784,6.502758026123047,1.0029311187103078,1.0,1.0,0.25,0.0,0.25487250089645386,0.3537071645259857,0.06000877916812897,0.0,0.3654611110687256,-0.08875378966331482,-0.12099301815032959,2,0.5546875
74,15,0,0.2,0.0,0.0,0.3333333333333333,0.5,191.50479999999996,270.83920315,77,1.3116883116883118,4,0.041015625,0.267578125,0.01025390625,0.34299516908212563,0.36878656877097227,-12.09389293695604,0.02497776970267296,5.109559535980225,1.0029339853300734,0.0,0.0,1.0,0.0,0.24205392599105835,0.39182937145233154,0.05541175976395607,0.0,0.36588719487190247,-0.10216759145259857,-0.06205926090478897,2,0.48779296875
75,15,0,0.4,0.5,0.0,0.5555555555555556,0.2857142857142857,201.85680135,266.39600254,86,1.627906976744186,6,0.03173828125,0.26513671875,0.0078125,0.3837837837837838,1.0030714473191609,-6.114367045389548,-0.020508982241153717,7.602802276611328,1.0034263338228095,0.5,0.6666666666666666,nan,0.5,0.2535284161567688,0.3853455185890198,0.051787279546260834,0.0,0.3660789728164673,-0.1056642010807991,-0.07905947417020798,2,0.50830078125
76,14,0,0.2857142857142857,0.25,1.0,0.2,0.14285714285714285,179.59200472999996,251.61440414000003,78,1.6153846153846154,6,0.03369140625,0.33056640625,0.0048828125,0.5099337748344371,0.2978797341159582,-10.154038739063823,0.0022208690643310547,6.901965141296387,1.0053737176355642,0.0,nan,0.5,0.0,0.2666400372982025,0.39919283986091614,0.0693368911743164,0.0,0.3658180832862854,-0.08637510240077972,-0.06117666885256767,0,0.5029296875
77,11,0,0.6363636363636364,0.4,nan,0.8333333333333334,1.0,195.29519699999997,195.39200366,84,1.5357142857142858,5,0.04345703125,0.28076171875,0.009765625,0.4215686274509804,1.0840885975698697,2.7084186439862945,-0.10998585820198059,4.731541633605957,1.0053789731051346,1.0,1.0,0.0,1.0,0.30362752079963684,0.3798477053642273,0.05795026198029518,0.0,0.3661457896232605,-0.03374476730823517,-0.01430453173816204,0,0.48828125
78,14,0,0.35714285714285715,0.0,0.0,0.5555555555555556,0.25,172.7928006,224.45680384999991,71,1.5774647887323943,4,0.037109375,0.33642578125,0.0126953125,0.26063829787234044,0.9225555015837783,-7.067781931164094,0.04160671681165695,8.42863655090332,1.0024425989252566,1.0,1.0,0.0,0.5,0.2521209716796875,0.4009900391101837,0.0615784227848053,0.0,0.36607635021209717,-0.03242029994726181,-0.08703690767288208,2,0.5390625
79,12,0,0.6666666666666666,0.25,1.0,0.8,1.0,210.07360596,219.603205754,96,1.53125,5,0.05322265625,0.373046875,0.009765625,0.35526315789473684,1.1749782992486097,3.322186649323456,0.06409674882888794,7.229977130889893,1.003419638495359,1.0,1.0,1.0,0.0,0.321737676858902,0.45185554027557373,0.07392840087413788,0.0,0.3660036325454712,-0.05627000331878662,-0.03891663998365402,0,0.50830078125
80,13,0,0.38461538461538464,0.16666666666666666,0.75,0.3333333333333333,0.5,197.3487986699999,241.64639912,79,1.4303797468354431,4,0.0478515625,0.39013671875,0.005859375,0.2948717948717949,1.4346089750511275,-5.944203687108238,-0.09698087722063065,6.730799198150635,1.0034246575342465,nan,0.0,0.0,1.0,0.26288601756095886,0.45060205459594727,0.06970831006765366,0.0,0.36568617820739746,-0.04841949790716171,-0.091657355427742,2,0.583984375
81,14,0,0.07142857142857142,0.0,0.25,0.0,nan,139.50079985999997,254.44159798999993,57,1.3859649122807018,4,0.021484375,0.26513671875,0.00634765625,0.3458646616541353,0.9284940602093271,-18.7480519242275,0.04150257259607315,6.222311973571777,1.0034229828850856,0.0,nan,0.0,0.0,0.21733132004737854,0.38237449526786804,0.038197923451662064,0.0,0.36578288674354553,-0.08168759942054749,-0.08967576175928116,2,0.59814453125
82,14,0,0.5,0.3333333333333333,0.5,0.5555555555555556,0.6666666666666666,209.72400416999997,245.21680096999995,93,1.4731182795698925,5,0.015625,0.34619140625,0.00927734375,0.2922374429223744,1.131309382862575,-2.6273821465871263,-0.0320887491106987,9.034299850463867,1.0034213098729228,0.6666666666666666,0.6666666666666666,0.0,1.0,0.27480998635292053,0.45385369658470154,0.03466792404651642,0.0,0.36594563722610474,-0.06241872161626816,-0.029830746352672577,0,0.4970703125
83,14,0,0.35714285714285715,0.0,nan,0.45454545454545453,0.2,220.58560111399999,266.1176021200001,95,1.5368421052631578,4,0.02978515625,0.38232421875,0.0078125,0.31297709923664124,0.6265405002135247,-6.612429863128684,0.03674481809139252,10.189430236816406,1.0034229828850856,0.5,0.6666666666666666,0.0,0.5,0.3244342803955078,0.4388308525085449,0.04864997789263725,0.0,0.3660968840122223,-0.06439989805221558,0.014939199201762676,2,0.51708984375
84,13,0,0.6153846153846154,0.0,0.5,0.875,0.3333333333333333,198.36720243999994,220.74800051999995,86,1.7093023255813953,6,0.025390625,0.34033203125,0.01171875,0.4026548672566372,1.0095979995093072,1.1950250786118106,-0.04783090949058533,5.923809051513672,1.0029339853300734,1.0,1.0,1.0,0.6666666666666666,0.29438719153404236,0.41336846351623535,0.04380929470062256,0.0,0.36620038747787476,-0.04191898554563522,-0.01366281695663929,2,0.52783203125
85,13,0,0.5384615384615384,0.4,0.3333333333333333,0.8,0.0,185.57120744999992,211.44640375999992,76,1.7105263157894737,7,0.02197265625,0.37646484375,0.01123046875,0.3015075376884422,1.2124241893075165,-1.5786400903557052,0.11001821607351303,8.107067108154297,1.001955990220049,0.5,1.0,1.0,1.0,0.3030083179473877,0.42879265546798706,0.046324871480464935,0.0,0.36625051498413086,-0.056735631078481674,-0.024366112425923347,2,0.552734375
86,13,0,0.15384615384615385,0.14285714285714285,nan,0.16666666666666666,0.3333333333333333,179.25840203,240.40000194999996,74,1.2567567567567568,3,0.01416015625,0.3310546875,0.0068359375,0.4230769230769231,0.7253171707396493,-13.413549683587181,-0.04644069820642471,5.405830383300781,1.003419638495359,0.0,nan,0.0,0.25,0.2661067247390747,0.42891234159469604,0.03982486575841904,0.0,0.366299569606781,-0.06263147294521332,-0.022687295451760292,2,0.56787109375
87,14,0,0.42857142857142855,0.25,0.0,0.625,0.5,234.87760279999995,242.10880529999997,105,1.5809523809523809,4,0.0341796875,0.3896484375,0.01220703125,0.25925925925925924,1.040178173627685,-1.6422421968897012,0.05101677402853966,8.079632759094238,1.0034229828850856,0.5,1.0,nan,0.5,0.3236635625362396,0.43798506259918213,0.053819410502910614,0.0,0.36610767245292664,-0.016011802479624748,0.006879538297653198,2,0.4921875
88,12,0,0.5833333333333334,0.3333333333333333,0.5,0.7142857142857143,0.5,190.94719888999992,190.82479960000003,84,1.6428571428571428,5,0.02294921875,0.36962890625,0.01220703125,0.35390946502057613,0.2650673166207857,2.7899269911217726,-0.05870763584971428,6.188146591186523,1.003419638495359,1.0,nan,0.0,1.0,0.34737786650657654,0.4578232169151306,0.04596921056509018,0.0,0.3660123944282532,0.0011707264930009842,0.012661730870604515,0,0.47509765625
89,12,0,0.75,0.5,0.5,0.875,0.0,219.79040422999998,197.89759815999997,91,1.8571428571428572,7,0.0263671875,0.39453125,0.013671875,0.34854771784232363,0.33659978052136147,6.801004930704386,-0.011715419590473175,6.008378982543945,1.002932551319648,1.0,1.0,1.0,0.6666666666666666,0.37725672125816345,0.4725651144981384,0.0480571910738945,0.0,0.36575448513031006,-0.0029101306572556496,0.04801992326974869,0,0.46728515625
90,13,0,0.23076923076923078,0.2,0.0,0.5,0.4,169.88640229999996,252.871202045,66,1.4242424242424243,4,0.0263671875,0.3447265625,0.0087890625,0.38095238095238093,0.9867087212520441,-12.30834853617381,0.027477869763970375,5.972070693969727,1.0029311187103078,0.5,nan,nan,0.5,0.3116980195045471,0.4546324610710144,0.04426943510770798,0.0,0.3653917610645294,-0.07438891381025314,-0.07204543799161911,2,0.62939453125
91,14,0,0.21428571428571427,0.0,0.0,0.6,0.0,183.2480039000001,254.17520269999977,79,1.6962025316455696,6,0.03662109375,0.4384765625,0.0078125,0.30538922155688625,0.9099924899359354,-10.723155496758682,0.07110589742660522,9.489887237548828,1.003419638495359,1.0,1.0,nan,0.3333333333333333,0.3533838987350464,0.4628761410713196,0.05895545333623886,0.0,0.36546409130096436,-0.042497195303440094,-0.04591013491153717,2,0.5732421875
92,14,0,0.5714285714285714,0.3333333333333333,0.3333333333333333,1.0,0.0,209.92800706999998,230.79119997999993,89,1.6853932584269662,6,0.0263671875,0.40185546875,0.009765625,0.3111111111111111,1.1440484676037939,0.2654588846745232,0.07658514380455017,7.089186668395996,1.0053789731051346,nan,1.0,nan,1.0,0.33785921335220337,0.47677236795425415,0.04805495962500572,0.0,0.3659440279006958,-0.044821612536907196,0.004977336153388023,2,0.49560546875
93,14,0,0.2857142857142857,0.0,0.6666666666666666,0.2857142857142857,0.6666666666666666,171.69759698,257.44400035999996,70,1.4428571428571428,5,0.0419921875,0.50537109375,0.00634765625,0.29411764705882354,0.6618440739903085,-11.562556063953442,0.07956528663635254,6.850681304931641,1.00341796875,nan,0.5,0.5,0.0,0.3378068208694458,0.512955904006958,0.0704188123345375,0.0,0.36618831753730774,-0.09657568484544754,-0.04503833130002022,2,0.5615234375
94,14,0,0.07142857142857142,0.0,nan,0.125,0.0,151.6247985,270.54479957,71,1.3661971830985915,5,0.0224609375,0.4091796875,0.0087890625,0.23448275862068965,0.7990639035652195,-17.607257943382102,0.07686378061771393,3.6536405086517334,1.0029296875,0.0,1.0,0.0,0.0,0.2985151708126068,0.48859167098999023,0.04065985232591629,0.0,0.36601167917251587,-0.09122408926486969,-0.09264536201953888,2,0.5791015625
95,13,0,0.23076923076923078,0.16666666666666666,0.0,0.6666666666666666,0.0,194.51839783999998,244.81920641,82,1.3658536585365855,3,0.021484375,0.4560546875,0.00634765625,0.3292181069958848,1.976161382834792,-10.71863992511025,-0.01546862069517374,5.711815357208252,1.0034229828850856,nan,1.0,0.0,nan,0.2369263619184494,0.47042420506477356,0.043809741735458374,0.0,0.3661212921142578,-0.08514194935560226,-0.037603482604026794,2,0.63037109375
96,13,0,0.46153846153846156,0.0,0.5,0.8333333333333334,0.5,218.90160132999998,228.07840278000003,95,1.5789473684210527,5,0.033203125,0.43896484375,0.01171875,0.3333333333333333,1.9052384638886761,-0.09392378878972625,0.001227501779794693,8.910282135009766,1.003419638495359,1.0,1.0,1.0,0.6666666666666666,0.3111375570297241,0.5232676267623901,0.05505470559000969,0.0,0.3662146329879761,-0.0694875717163086,-0.021564941853284836,2,0.6005859375
97,13,0,0.46153846153846156,0.25,0.2,1.0,0.3333333333333333,189.05200043999994,216.11119903999995,87,1.8275862068965518,6,0.0302734375,0.458984375,0.0107421875,0.39086294416243655,0.4928550876785686,-3.4026930850897177,-0.095189169049263,7.466658115386963,1.003419638495359,1.0,nan,1.0,nan,0.3129177689552307,0.5405917763710022,0.046978194266557693,0.0,0.36631590127944946,-0.06846237927675247,0.030443090945482254,2,0.53662109375
98,14,0,0.42857142857142855,0.2,0.0,0.7142857142857143,0.5,222.26800433,243.72160275999988,96,1.6666666666666667,6,0.0458984375,0.5205078125,0.01171875,0.32158590308370044,1.368078717475179,-1.0400674868577846,-0.017040550708770752,7.752023696899414,1.0024437927663734,0.75,1.0,nan,0.5,0.3365316390991211,0.5404226779937744,0.06853898614645004,0.0,0.3664857745170593,-0.05002948269248009,0.03383161500096321,2,0.556640625
99,14,0,0.2857142857142857,0.0,0.4,0.3333333333333333,0.0,217.4664001000001,225.462402999,92,1.6630434782608696,6,0.0302734375,0.40234375,0.01416015625,0.3090909090909091,1.187018547891706,-3.3822960979187893,0.01709163933992386,7.696178913116455,1.0053789731051346,0.0,nan,0.5,0.3333333333333333,0.32554471492767334,0.5154320001602173,0.05578415095806122,0.0,0.36641043424606323,-0.0793953537940979,0.029159938916563988,0,0.49267578125
100,14,0,0.5,0.3333333333333333,0.0,1.0,0.75,228.8576005199999,198.73919995000006,99,1.7575757575757576,6,0.03369140625,0.455078125,0.013671875,0.32124352331606215,1.5362004798642495,2.5440510414390904,0.02914351597428322,8.031862258911133,1.0029311187103078,1.0,1.0,nan,1.0,0.3291282653808594,0.5184094905853271,0.06128876656293869,0.0,0.366164892911911,-0.0837760865688324,0.018476741388440132,2,0.51611328125
101,13,0,0.6153846153846154,0.25,0.0,1.0,0.3333333333333333,218.69519996600002,200.14080274999995,95,1.9894736842105263,8,0.01806640625,0.46337890625,0.0126953125,0.32971014492753625,1.7262498947859006,5.320796858560868,0.04016950726509094,9.390472412109375,1.00341796875,1.0,nan,nan,1.0,0.31852492690086365,0.5257106423377991,0.04352566972374916,0.0,0.3657805323600769,-0.10655035078525543,0.0024872999638319016,2,0.52197265625
102,12,0,0.8333333333333334,0.8,nan,0.8571428571428571,0.75,219.88159862000012,189.69360239999992,97,1.443298969072165,4,0.02783203125,0.505859375,0.01416015625,0.33455882352941174,0.5734418842651647,9.058793610931795,-0.029850605875253677,6.203432559967041,1.0029339853300734,0.6666666666666666,1.0,1.0,1.0,0.3538348078727722,0.5308642387390137,0.05939154699444771,0.0,0.3655160069465637,-0.07820434123277664,0.01617501676082611,2,0.4912109375
103,14,0,0.6428571428571429,0.3333333333333333,0.5,0.7777777777777778,0.25,251.85280189999997,217.35920080000002,111,1.7567567567567568,6,0.02734375,0.45751953125,0.01513671875,0.2332155477031802,1.527325727849281,7.296568871884787,-0.07707583904266357,7.589690208435059,1.0034213098729228,0.5,1.0,nan,1.0,0.3483646512031555,0.514156699180603,0.050730153918266296,0.0,0.3653872609138489,-0.073493592441082,-0.009378395974636078,2,0.4931640625
104,15,0,0.4,0.3333333333333333,0.25,0.6,0.5,242.29119814999999,249.52320113999997,101,1.6237623762376239,6,0.013671875,0.5224609375,0.01708984375,0.25666666666666665,1.2509170141969255,-1.9870149727351996,0.09335625916719437,9.420175552368164,1.00830078125,0.5,nan,1.0,0.5,0.3058343529701233,0.5029071569442749,0.029392758384346962,0.0,0.3652033507823944,-0.06012483686208725,-0.09300835430622101,2,0.5849609375
105,13,0,0.3076923076923077,0.0,0.0,0.6666666666666666,0.6666666666666666,194.49520529999998,228.07680202000006,88,1.5681818181818181,5,0.01123046875,0.50634765625,0.0107421875,0.2677165354330709,1.0860432686534192,-5.513700816217909,-0.09874521195888519,9.142121315002441,1.0029296875,0.0,1.0,nan,1.0,0.31985244154930115,0.49865853786468506,0.04055878520011902,0.0,0.36520853638648987,-0.11210989952087402,-0.061744797974824905,2,0.57080078125
106,11,0,0.5454545454545454,0.0,0.5,0.7142857142857143,0.5,202.620804884,210.5728025,92,1.5326086956521738,5,0.04248046875,0.447265625,0.0107421875,0.2903225806451613,0.8446642697795722,-0.2298994848406405,0.07942282408475876,4.696742057800293,1.00390625,1.0,nan,0.5,0.5,0.42348843812942505,0.4498112201690674,0.06480055302381516,0.0,0.36535024642944336,-0.11377056688070297,-0.06421900540590286,2,0.51171875
107,13,0,0.46153846153846156,0.3333333333333333,0.25,0.6666666666666666,0.5714285714285714,226.89039841,217.3600067799999,104,1.6346153846153846,5,0.0224609375,0.47607421875,0.0126953125,0.3127413127413127,1.4001871778647623,1.1228114850882778,-0.0447407104074955,7.407574653625488,1.0029354207436398,1.0,nan,1.0,0.0,0.3657975494861603,0.5173723101615906,0.03543659299612045,0.0,0.36560922861099243,-0.06324352324008942,-0.010602299124002457,2,0.50927734375
108,13,0,0.6923076923076923,0.6,0.0,0.8571428571428571,0.5,223.29760517,210.60960239999997,100,1.55,4,0.0107421875,0.5029296875,0.01123046875,0.31932773109243695,0.9817249066215975,5.896851368101563,0.11900268495082855,7.587719917297363,1.0063600782778865,0.8,nan,nan,1.0,0.36427876353263855,0.5224882364273071,0.021337082609534264,0.0,0.3656381368637085,-0.0883682370185852,-0.0241289921104908,2,0.5166015625
1,9,0,0.4444444444444444,0.6666666666666666,0.3333333333333333,0.3333333333333333,0.5,180.5407919,0.0,63,3.0952380952380953,9,0.0986328125,0.4326171875,0.0,0.967828418230563,-40.81202999900515,17.304636195287454,-0.0034849150106310844,9.943897247314453,nan,0.0,1.0,nan,nan,0.8359105587005615,0.49931469559669495,0.20858657360076904,0.0,0.36622196435928345,-0.06018054112792015,-0.017528830096125603,2,0.53125
2,10,0,0.5,0.4,0.5,0.6666666666666666,0.6666666666666666,178.913604,36.65760160000001,71,3.056338028169014,9,0.07861328125,0.47412109375,0.00390625,0.6956521739130435,17.008428866331336,19.542773788146743,0.12390420585870743,13.43921947479248,1.0,0.0,nan,nan,1.0,0.6527663469314575,0.535031795501709,0.1440502405166626,0.0,0.3662700057029724,-0.015336344949901104,0.08682169020175934,0,0.43994140625
3,11,0,0.8181818181818182,0.6666666666666666,nan,0.875,0.6666666666666666,201.11200099999994,151.55519609000004,90,1.6111111111111112,4,0.0556640625,0.4873046875,0.021484375,0.3904282115869018,-0.6716120225584176,11.996302083433807,0.0019068121910095215,6.0498948097229,1.00537109375,1.0,1.0,1.0,0.5,0.6278255581855774,0.5104011297225952,0.11797027289867401,0.0,0.3659639358520508,-0.09992045909166336,0.05058478191494942,0,0.43994140625
1,7,1,0.42857142857142855,0.0,1.0,0.6666666666666666,0.5,105.02400190000003,107.55520050000004,44,1.4318181818181819,4,0.13720703125,0.45751953125,0.0068359375,0.35964912280701755,6.229787564513435,-2.678900129925922,-0.009286809712648392,2.790591239929199,1.0,nan,0.0,nan,1.0,0.8289405703544617,0.5289705395698547,0.21839778125286102,0.0,0.3659363389015198,-0.06328968703746796,-0.17215274274349213,2,0.4482421875
2,12,0,0.5833333333333334,0.5,0.4,0.8,0.75,241.24080041399986,225.04240100000013,105,1.5333333333333334,5,0.02880859375,0.51318359375,0.0166015625,0.281786941580756,1.2130862958030484,3.482405333796996,-0.11096303164958954,9.421616554260254,1.00830078125,1.0,1.0,0.5,1.0,0.3515225648880005,0.5483173131942749,0.06119111180305481,0.0,0.3657200336456299,-0.09598251432180405,0.06406901031732559,0,0.54443359375
3,14,0,0.5,0.16666666666666666,0.0,0.8571428571428571,0.3333333333333333,223.33120166999993,217.91600201999995,94,1.7234042553191489,6,0.02294921875,0.50341796875,0.01220703125,0.23809523809523808,1.3660131608256718,2.112267620870703,0.08205600082874298,6.534931182861328,1.0029296875,1.0,0.5,1.0,1.0,0.3360484540462494,0.5363854765892029,0.06119205430150032,0.0,0.36545225977897644,-0.13366805016994476,0.027868930250406265,2,0.49365234375
4,13,0,0.5384615384615384,0.25,0.0,0.75,0.0,215.13519814999995,204.45360573999997,95,1.7157894736842105,7,0.0380859375,0.49462890625,0.017578125,0.26495726495726496,1.1764872623445681,2.6071189907128036,0.1453392207622528,8.69083023071289,1.0029296875,0.5,nan,nan,1.0,0.3271175026893616,0.5653719305992126,0.05480382591485977,0.0,0.3654773235321045,-0.12197093665599823,0.09299790859222412,0,0.54638671875
5,14,0,0.42857142857142855,0.16666666666666666,0.0,0.8333333333333334,0.25,208.28960150000006,241.19200117000005,86,1.4883720930232558,6,0.0302734375,0.56103515625,0.0126953125,0.1651376146788991,0.7047788308335876,-4.0528117804900345,-0.03878457099199295,5.417099952697754,1.0029296875,0.5,1.0,nan,1.0,0.29285913705825806,0.5409611463546753,0.05403085798025131,0.0,0.36552494764328003,-0.1391461193561554,-0.005266059190034866,2,0.5380859375
6,14,0,0.35714285714285715,0.25,0.0,1.0,0.5,203.61119923999993,231.86159859999995,84,1.7142857142857142,6,0.0361328125,0.5576171875,0.0166015625,0.16019417475728157,1.0657147670530596,-2.490975902370899,0.03789015859365463,9.395387649536133,1.00244140625,nan,1.0,1.0,1.0,0.3413531184196472,0.5305773019790649,0.06992273032665253,0.0,0.3654419779777527,-0.13230006396770477,0.041260503232479095,0,0.48681640625
7,12,0,0.6666666666666666,0.4,1.0,0.8,0.75,229.9440041999999,175.368,103,2.0485436893203883,8,0.02587890625,0.54541015625,0.02001953125,0.20075757575757575,1.1641167267373083,9.364600749315127,0.027422882616519928,9.24604606628418,1.0029296875,0.6666666666666666,nan,1.0,1.0,0.3767547905445099,0.5571337938308716,0.06333009898662567,0.0,0.36530250310897827,-0.14504525065422058,0.08694775402545929,0,0.55517578125
8,14,0,0.7142857142857143,0.5714285714285714,0.5,1.0,0.5,260.5024001299999,217.50800502999996,113,1.7168141592920354,5,0.0341796875,0.57470703125,0.01708984375,0.21782178217821782,1.2000560601873735,9.788964098064701,0.04521239548921585,12.63121223449707,1.0029296875,1.0,1.0,nan,1.0,0.40854495763778687,0.5632822513580322,0.06509983539581299,0.0,0.3653096556663513,-0.14380282163619995,0.05389050021767616,0,0.517578125
9,15,0,0.6,0.3333333333333333,0.25,0.875,0.6666666666666666,232.5896025,228.95360065999992,104,1.6923076923076923,5,0.05419921875,0.59326171875,0.015625,0.21794871794871795,0.6357226394125391,3.504894048414593,-0.0727386474609375,9.77053451538086,1.00537109375,0.6666666666666666,1.0,1.0,nan,0.418050616979599,0.5664012432098389,0.08314316719770432,0.0,0.3654598593711853,-0.14084509015083313,0.10008574277162552,0,0.56640625
10,16,0,0.75,0.25,0.6666666666666666,1.0,0.7142857142857143,289.77120585000006,239.14400719999992,126,1.9206349206349207,7,0.05126953125,0.6376953125,0.017578125,0.20759493670886076,0.6368337613289073,10.559758845329624,0.08342983573675156,6.674101829528809,1.0029296875,1.0,1.0,1.0,1.0,0.4490635395050049,0.5236432552337646,0.0923517718911171,0.0,0.3654698133468628,-0.15133486688137054,0.09341868758201599,0,0.54931640625
11,15,0,0.6,0.0,0.6,0.6666666666666666,0.5,243.56080309999987,233.12880529999998,103,1.6699029126213591,7,0.0595703125,0.59521484375,0.0185546875,0.22184300341296928,0.8982834688339582,4.159742324514588,0.008320685476064682,7.710433006286621,1.00634765625,0.6,0.6666666666666666,1.0,nan,0.3857271075248718,0.5327466726303101,0.08836875110864639,0.0,0.3652649521827698,-0.13526803255081177,0.08275282382965088,0,0.53173828125
12,14,0,0.5714285714285714,0.2857142857142857,1.0,0.75,0.5714285714285714,253.4951995,249.45520020000004,105,1.457142857142857,5,0.07958984375,0.62841796875,0.0146484375,0.2979591836734694,0.9532927032604327,2.345108173518864,-0.06277498602867126,6.642388343811035,1.0029296875,nan,1.0,0.0,nan,0.42713630199432373,0.5367913246154785,0.1120404452085495,0.0,0.3652094304561615,-0.12347255647182465,0.060965169221162796,0,0.515625
13,15,0,0.6666666666666666,0.0,0.5714285714285714,1.0,0.8333333333333334,260.98399960000006,221.11680122999994,117,1.735042735042735,5,0.05908203125,0.62939453125,0.01611328125,0.19047619047619047,0.9433467921281564,7.540347683969687,-0.06409291923046112,9.93214225769043,1.00341796875,1.0,nan,1.0,1.0,0.45245134830474854,0.5614629983901978,0.071146160364151,0.0,0.36553916335105896,-0.11022385954856873,0.1441335380077362,0,0.59375
14,13,0,0.8461538461538461,0.5,1.0,1.0,1.0,257.2511984,216.94320317,112,1.9375,9,0.03173828125,0.6328125,0.0185546875,0.23220973782771537,1.0754290194768477,12.592397258556026,-0.0024693533778190613,9.385788917541504,1.0029296875,1.0,1.0,1.0,1.0,0.44898486137390137,0.5613651871681213,0.05934179574251175,0.0,0.3659106492996216,-0.16152244806289673,0.14400799572467804,0,0.5517578125
15,15,0,0.6666666666666666,0.3333333333333333,0.6666666666666666,1.0,0.7142857142857143,274.3680026,220.1288028,120,1.8916666666666666,6,0.0283203125,0.62255859375,0.01953125,0.2247557003257329,0.7409155390582362,9.92384059936966,0.06690526753664017,6.84752082824707,1.00244140625,1.0,1.0,1.0,1.0,0.4367496371269226,0.569695234298706,0.06396903097629547,0.0,0.36609065532684326,-0.14744430780410767,0.16608643531799316,0,0.5478515625
16,14,0,0.8571428571428571,0.6,1.0,1.0,0.8571428571428571,256.36640050000005,193.60239583999993,111,1.7927927927927927,8,0.04638671875,0.62255859375,0.02001953125,0.25416666666666665,0.7215676226915242,13.32725122542175,-0.04057427495718002,6.426959991455078,1.00537109375,1.0,1.0,1.0,1.0,0.5239089727401733,0.583710253238678,0.06567858159542084,0.0,0.3657118082046509,-0.1582159698009491,0.2109011709690094,0,0.60888671875
17,14,0,0.7142857142857143,0.6,0.0,1.0,1.0,259.62880256999995,210.00560337399997,117,2.0683760683760686,9,0.044921875,0.64599609375,0.017578125,0.23859649122807017,0.8935247646292345,11.900140225370945,-0.05037092790007591,9.925344467163086,1.00634765625,1.0,1.0,1.0,1.0,0.4848557710647583,0.5523656606674194,0.07540763169527054,0.0,0.3655146062374115,-0.1920141875743866,0.17144399881362915,0,0.5068359375
18,15,0,0.7333333333333333,0.625,0.5,1.0,1.0,278.7607989999999,230.49199855699993,119,1.5126050420168067,4,0.05224609375,0.67529296875,0.01904296875,0.20489296636085627,1.1738562013706393,8.498408825788959,-0.03442332148551941,8.488791465759277,1.0029296875,1.0,1.0,nan,1.0,0.47345170378685,0.5397473573684692,0.07928517460823059,0.0,0.36518144607543945,-0.20272572338581085,0.13986831903457642,0,0.4599609375
19,15,0,0.5333333333333333,0.3333333333333333,0.7142857142857143,0.5,0.6,258.31999992999994,242.5360057,109,1.5504587155963303,5,0.05810546875,0.68505859375,0.01318359375,0.20905923344947736,1.659211481992488,2.118598732197901,0.03669949248433113,8.965095520019531,1.0083088954056696,1.0,nan,nan,0.0,0.41336527466773987,0.5177221894264221,0.0813407301902771,0.0,0.3649471402168274,-0.21715527772903442,0.08145597577095032,2,0.556640625
20,15,0,0.6,0.8,0.2,0.8,0.6,271.1343971699999,230.28640218000004,111,1.7657657657657657,9,0.064453125,0.7099609375,0.01611328125,0.18272425249169436,1.0297331591052208,6.776479112942158,0.07587572932243347,8.401520729064941,1.0029296875,0.6666666666666666,nan,1.0,nan,0.4230717122554779,0.5385085940361023,0.07397960871458054,0.0,0.3651343286037445,-0.18432193994522095,0.1591026484966278,0,0.50439453125
21,16,0,0.8125,0.8,0.6,1.0,1.0,307.15439895000003,204.6456063400001,140,2.0142857142857142,10,0.03564453125,0.6826171875,0.01953125,0.2,1.4730412303567686,15.905035330182082,-0.045859843492507935,12.189550399780273,1.00634765625,1.0,1.0,1.0,1.0,0.40859341621398926,0.5500998497009277,0.07694032788276672,0.0,0.36514046788215637,-0.2278241515159607,0.179482102394104,0,0.60546875
22,15,0,0.7333333333333333,0.5,0.0,0.9090909090909091,0.6,293.7096029000001,243.84480297000005,131,1.6793893129770991,6,0.0595703125,0.66357421875,0.0185546875,0.24361948955916474,0.9486544223359612,10.558910935436415,0.0008229836821556091,8.678234100341797,1.00244140625,1.0,1.0,0.5,1.0,0.519455075263977,0.5531107783317566,0.09907165169715881,0.0,0.36514201760292053,-0.18941040337085724,0.24400824308395386,0,0.576171875
23,16,0,0.6875,0.3333333333333333,0.5714285714285714,1.0,0.5,278.18160027999994,226.4704026,121,1.9256198347107438,8,0.06201171875,0.69970703125,0.0205078125,0.24651162790697675,1.6263006490777585,10.076452198984434,0.004039047285914421,8.92369556427002,1.00634765625,1.0,nan,1.0,1.0,0.49176740646362305,0.5213862061500549,0.08821535110473633,0.0,0.3650166988372803,-0.15088698267936707,0.19467592239379883,0,0.541015625
24,16,0,0.8125,1.0,0.5,1.0,0.75,299.9919999999999,217.76320370000005,132,1.8636363636363635,6,0.0498046875,0.705078125,0.0205078125,0.21980676328502416,1.0195783877330238,13.904326244596822,0.04883594065904617,10.616803169250488,1.00634765625,1.0,1.0,1.0,1.0,0.4837037920951843,0.5032890439033508,0.08956678956747055,0.0,0.36489367485046387,-0.17736393213272095,0.1865154504776001,0,0.54833984375
25,15,0,0.8666666666666667,1.0,1.0,0.8,1.0,304.4976009000001,204.78000359999996,135,1.9333333333333333,7,0.0634765625,0.75537109375,0.02490234375,0.18421052631578946,0.8332724827769691,17.736440804777367,-0.04490898177027702,8.028905868530273,1.0029296875,1.0,1.0,0.5,0.75,0.5764668583869934,0.5109015703201294,0.10646767914295197,0.0,0.36498451232910156,-0.1469157338142395,0.22885963320732117,0,0.61083984375
26,17,0,0.8235294117647058,0.75,0.6666666666666666,1.0,0.8333333333333334,326.9280003999998,211.9224011999999,141,2.0,7,0.0556640625,0.740234375,0.02490234375,0.24421052631578946,0.9079266416352839,16.22728296338858,0.006558453664183617,7.209028720855713,1.00341796875,1.0,1.0,1.0,1.0,0.4618678689002991,0.5134257078170776,0.09040312469005585,0.0,0.36475110054016113,-0.19632884860038757,0.23406779766082764,0,0.6064453125
27,16,0,1.0,1.0,1.0,1.0,1.0,316.136,190.11440557999998,144,2.236111111111111,8,0.0556640625,0.7265625,0.025390625,0.112565445026178,0.6753864737386246,23.917291628233357,0.017671547830104828,6.002201557159424,1.00634765625,1.0,1.0,1.0,1.0,0.4597012400627136,0.5327684879302979,0.10493510961532593,0.0,0.36462265253067017,-0.19324158132076263,0.3050340414047241,0,0.6875
28,16,0,0.5625,0.25,0.5,1.0,0.25,282.5439989000001,262.3264031999999,121,1.4958677685950412,5,0.06787109375,0.751953125,0.015625,0.23466666666666666,0.8300591021396272,3.512491226836764,-0.02815553918480873,5.998705863952637,1.0029311187103078,1.0,1.0,nan,1.0,0.42922842502593994,0.5213823318481445,0.1030392125248909,0.0,0.36440277099609375,-0.21769031882286072,0.1542474627494812,0,0.54736328125
29,16,0,0.6875,0.2,0.8,1.0,0.6,286.00159919999993,229.8135978150001,131,1.9389312977099236,7,0.0595703125,0.7509765625,0.01904296875,0.1721311475409836,1.3003885066585406,10.342119576720041,-0.07285065948963165,6.984478950500488,1.0029296875,1.0,nan,1.0,1.0,0.3713141679763794,0.49096032977104187,0.09425139427185059,0.0,0.36426177620887756,-0.20454294979572296,0.18905971944332123,0,0.55908203125
30,15,0,0.7333333333333333,0.0,0.5714285714285714,1.0,0.5714285714285714,279.4856009999999,218.29760294,122,1.778688524590164,6,0.0595703125,0.728515625,0.01953125,0.14361702127659576,1.2162185185004377,11.437266117900567,-0.0155477374792099,9.108495712280273,1.00634765625,1.0,nan,nan,1.0,0.38377225399017334,0.5311192870140076,0.09101173281669617,0.0,0.36414051055908203,-0.20223703980445862,0.23047414422035217,0,0.6328125
31,15,0,0.4,0.0,0.2857142857142857,1.0,0.3333333333333333,247.18720119999995,263.73119899999995,105,1.5714285714285714,6,0.0673828125,0.7265625,0.0146484375,0.2605633802816901,1.1985653438131374,-1.3095062471440164,0.048818208277225494,9.627113342285156,1.00634765625,1.0,1.0,1.0,1.0,0.31215745210647583,0.5187097787857056,0.09675688296556473,0.0,0.3641982078552246,-0.19284769892692566,0.1262434870004654,0,0.48681640625
32,16,0,0.6875,0.8,0.3333333333333333,0.75,0.5,302.5944045229999,222.12480323,135,1.9185185185185185,9,0.052734375,0.73095703125,0.01708984375,0.20448877805486285,0.7429374886210649,10.89843692755018,-0.11236376315355301,7.231419563293457,1.00537109375,0.0,1.0,0.6666666666666666,1.0,0.3508855104446411,0.4952945411205292,0.09119868278503418,0.0,0.36397624015808105,-0.19936664402484894,0.20849984884262085,0,0.65185546875
33,17,0,0.7058823529411765,0.5,0.5,1.0,0.3333333333333333,297.2232025000001,220.53440030000002,132,1.9848484848484849,6,0.06689453125,0.72314453125,0.0185546875,0.1223529411764706,1.156065288266191,12.599260082468684,0.03611747920513153,6.8963623046875,1.0029296875,1.0,nan,nan,1.0,0.3292697072029114,0.4754689335823059,0.08947522193193436,0.0,0.3639942407608032,-0.1505495309829712,0.21749716997146606,0,0.646484375
34,15,0,0.5333333333333333,0.375,0.6666666666666666,0.75,0.75,259.87600292999997,257.03999415999994,109,1.5229357798165137,6,0.044921875,0.73193359375,0.01171875,0.2391304347826087,1.0944239648771117,2.2127770160312394,-0.015952780842781067,9.153694152832031,1.0029296875,nan,0.6666666666666666,nan,1.0,0.2821846604347229,0.5120329856872559,0.06533795595169067,0.0,0.3639772832393646,-0.16835957765579224,0.01453833281993866,2,0.5400390625
35,15,0,0.8,0.8,0.6666666666666666,1.0,0.7142857142857143,298.5424003600001,213.09279693,127,1.7874015748031495,5,0.05859375,0.7568359375,0.0205078125,0.19210526315789472,1.0474454753557148,14.668183812552014,-0.0433037132024765,10.23209285736084,1.00634765625,nan,nan,1.0,1.0,0.31778475642204285,0.4737795889377594,0.09336637705564499,0.0,0.3640587329864502,-0.15864194929599762,0.15943360328674316,0,0.58984375
36,16,0,0.6875,0.3333333333333333,0.6666666666666666,1.0,0.5,284.45600049999985,230.92240379999993,129,1.930232558139535,5,0.0537109375,0.7578125,0.01953125,0.1683673469387755,1.1524113354187788,10.707650352388976,-0.03177489712834358,8.889070510864258,1.0029296875,1.0,nan,1.0,1.0,0.31238266825675964,0.4724022448062897,0.08557227998971939,0.0,0.36405444145202637,-0.1950574815273285,0.06407862901687622,0,0.49755859375
37,16,0,0.625,0.2,0.0,0.9,0.0,286.3183996,215.92799799999997,122,2.0163934426229506,7,0.0595703125,0.76611328125,0.01708984375,0.10068649885583524,0.8493510870727375,10.67487918359246,-0.07354065775871277,7.692961692810059,1.0029296875,1.0,1.0,1.0,0.8,0.33930009603500366,0.4276283085346222,0.09769073128700256,0.0,0.3642251491546631,-0.17697975039482117,0.14299437403678894,0,0.54150390625
38,15,0,0.6,0.42857142857142855,0.5,0.8333333333333334,0.5,272.5512050400002,213.96240048599995,127,2.141732283464567,10,0.06689453125,0.7783203125,0.02099609375,0.2054176072234763,1.178666650238546,10.293276225195093,0.0014364272356033325,8.917856216430664,1.0029296875,1.0,1.0,0.5,1.0,0.3243987560272217,0.453500896692276,0.09615696966648102,0.0,0.364396870136261,-0.1334482729434967,0.15005582571029663,0,0.5673828125
39,17,0,0.7058823529411765,0.4,0.6,1.0,0.6,315.96960254099986,208.25919921399992,142,2.3661971830985915,8,0.06494140625,0.7431640625,0.02294921875,0.1686182669789227,1.0444594302449237,13.90613472477763,0.0194176584482193,9.148443222045898,1.001953125,1.0,nan,1.0,1.0,0.3174173831939697,0.44563573598861694,0.13084933161735535,0.0,0.3643246293067932,-0.13875773549079895,0.2407112717628479,0,0.71533203125
40,17,0,0.6470588235294118,0.4,0.0,0.9,0.5,314.39840139999995,242.41039819999997,137,1.8613138686131387,8,0.06396484375,0.74658203125,0.01953125,0.19953051643192488,0.8482953386988444,11.19306952058251,0.08386220037937164,9.888725280761719,1.003419638495359,1.0,1.0,1.0,0.6666666666666666,0.3134614825248718,0.44129815697669983,0.10638546198606491,0.0,0.3641936779022217,-0.15169797837734222,0.2335338592529297,0,0.65380859375
41,15,0,0.7333333333333333,0.4,0.5,1.0,0.75,276.4480045,212.88400317000003,128,2.015625,8,0.06884765625,0.775390625,0.02197265625,0.14659685863874344,0.7845248908549136,12.151854094566495,0.052870430052280426,7.197254657745361,1.00537109375,1.0,1.0,1.0,nan,0.3239978551864624,0.4214218854904175,0.11980772018432617,0.0,0.36391735076904297,-0.127008318901062,0.1856425702571869,0,0.62841796875
42,16,0,0.8125,0.6,1.0,0.8333333333333334,0.75,290.20400019999994,217.3711981,124,1.6774193548387097,6,0.06591796875,0.7607421875,0.02001953125,0.22170900692840648,0.8312362927097116,13.389860085654728,0.07130412757396698,8.03614330291748,1.00634765625,0.5,1.0,nan,1.0,0.3532927930355072,0.42093271017074585,0.09649437665939331,0.0,0.3636428713798523,-0.14399363100528717,0.15456156432628632,0,0.64013671875
43,16,0,0.8125,0.6666666666666666,0.6666666666666666,0.9,0.7142857142857143,314.3840009999999,216.08320009999994,147,1.7959183673469388,7,0.06884765625,0.78369140625,0.0263671875,0.162426614481409,0.8805308762321521,16.10268588178249,0.13908126950263977,8.089859008789062,1.00537109375,1.0,nan,0.6666666666666666,1.0,0.38003504276275635,0.44435548782348633,0.10064773261547089,0.0,0.3635237216949463,-0.13365235924720764,0.12741251289844513,0,0.6318359375
44,15,0,0.8,0.5,0.3333333333333333,1.0,1.0,295.88800080000004,191.43760309999996,131,2.183206106870229,8,0.06298828125,0.814453125,0.02294921875,0.17381974248927037,1.1001745728323404,17.22563033734108,0.09973042458295822,8.17657470703125,1.0029296875,1.0,1.0,1.0,1.0,0.349800169467926,0.37238889932632446,0.10018803179264069,0.0,0.36384230852127075,-0.16932174563407898,0.053700901567935944,0,0.5625
45,17,0,0.5294117647058824,0.0,0.8,0.8333333333333334,0.5,298.2240019000001,259.1032034,128,1.9609375,8,0.05712890625,0.83349609375,0.02001953125,0.21264367816091953,1.4147430883158,5.646467526495932,-0.021223342046141624,8.94800090789795,1.00341796875,nan,1.0,nan,0.8,0.3430512547492981,0.35867592692375183,0.08085805177688599,0.0,0.36395493149757385,-0.11650864034891129,0.005024660378694534,0,0.548828125
46,17,0,0.6470588235294118,0.25,0.25,1.0,0.6666666666666666,308.26960415,204.1400035299999,137,2.4744525547445257,10,0.05615234375,0.8310546875,0.0234375,0.1794871794871795,1.1386165187649806,13.675347544168982,0.07577836513519287,12.586202621459961,1.00244140625,1.0,nan,1.0,1.0,0.36341047286987305,0.3518525958061218,0.11789150536060333,0.0,0.36402595043182373,-0.13129794597625732,0.16754555702209473,0,0.60546875
47,17,0,0.5294117647058824,0.2857142857142857,0.25,1.0,0.2,290.8800015159998,267.37440487,124,1.6290322580645162,6,0.0546875,0.84423828125,0.0166015625,0.19743589743589743,1.2602435127519795,4.087998177212876,0.0676482692360878,10.626825332641602,1.0029296875,1.0,1.0,1.0,1.0,0.3415416479110718,0.31306445598602295,0.09182243049144745,0.0,0.36399611830711365,-0.11230719834566116,0.03263310343027115,0,0.49462890625
48,17,0,0.7058823529411765,0.5714285714285714,0.6666666666666666,0.8571428571428571,0.75,313.5840037,219.03520649999987,136,1.9558823529411764,8,0.05224609375,0.853515625,0.021484375,0.17136150234741784,0.9473206122050983,13.13508731087345,0.07423954457044601,9.441211700439453,1.00341796875,1.0,1.0,1.0,0.0,0.31176429986953735,0.32254624366760254,0.10484297573566437,0.0,0.36399364471435547,-0.14514440298080444,0.1370079666376114,0,0.5703125
49,17,0,0.7058823529411765,0.4,0.5,1.0,0.7142857142857143,315.39839830000005,244.12720234999998,140,1.9285714285714286,8,0.04638671875,0.85400390625,0.0205078125,0.2159090909090909,1.48544847378325,11.352231515914939,-0.0018325857818126678,6.803380012512207,1.0029296875,1.0,1.0,nan,1.0,0.3154860734939575,0.3227751851081848,0.10313452780246735,0.0,0.3636854887008667,-0.13848796486854553,0.1486438512802124,0,0.58837890625
50,17,0,0.7647058823529411,0.6666666666666666,0.75,0.8571428571428571,0.8333333333333334,323.16799904000004,269.05600150000004,141,1.6453900709219857,6,0.04443359375,0.861328125,0.0185546875,0.1662971175166297,0.6988043448885425,11.064777428584671,-0.006045497953891754,10.040648460388184,1.00244140625,nan,0.5,1.0,1.0,0.3416854739189148,0.31894469261169434,0.09910134971141815,0.0,0.3635256886482239,-0.11808746308088303,0.12165245413780212,0,0.6083984375
51,18,0,0.5555555555555556,0.3333333333333333,0.625,0.75,0.7142857142857143,319.0616018,282.6176004,145,1.7862068965517242,7,0.06591796875,0.88720703125,0.01708984375,0.18566176470588236,0.9811140699177009,5.205019104049516,0.028649767860770226,12.026270866394043,1.00537109375,0.0,1.0,nan,1.0,0.3458726108074188,0.2838036119937897,0.10109801590442657,0.0,0.3635181784629822,-0.12900370359420776,0.03864014521241188,0,0.53759765625
52,17,0,0.8235294117647058,0.6,0.6666666666666666,1.0,1.0,326.6199999999998,222.6855979,148,2.1283783783783785,7,0.0498046875,0.84521484375,0.02099609375,0.16789667896678967,0.7428583748265545,16.783122159675422,0.023406390100717545,8.61179256439209,1.0029296875,1.0,1.0,1.0,1.0,0.3821811079978943,0.35544127225875854,0.11235654354095459,0.0,0.36339569091796875,-0.14492899179458618,0.1776999533176422,0,0.6767578125
53,17,0,0.8235294117647058,0.8333333333333334,0.5,1.0,0.75,332.27040166000006,220.3336019,141,1.872340425531915,6,0.07666015625,0.83642578125,0.021484375,0.19111111111111112,1.046211351041549,16.576697772966497,0.1307285577058792,12.446182250976562,1.00537109375,1.0,1.0,1.0,1.0,0.3346429467201233,0.34506991505622864,0.11330641806125641,0.0,0.36318665742874146,-0.16527849435806274,0.13911345601081848,0,0.634765625
54,17,0,0.5882352941176471,0.6666666666666666,0.5,0.6,0.8,318.82320354999996,232.79760719999993,138,2.3405797101449277,10,0.056640625,0.8564453125,0.01904296875,0.16028708133971292,1.0668773426548332,10.634972965742193,-0.04786016047000885,11.6649169921875,1.00634765625,nan,0.0,1.0,0.6666666666666666,0.33695104718208313,0.3323194980621338,0.10704291611909866,0.0,0.36306101083755493,-0.16812977194786072,0.10394470393657684,0,0.60986328125
55,19,0,0.7894736842105263,0.5,0.6666666666666666,0.8571428571428571,1.0,367.58640304999994,237.89760429999995,167,2.053892215568862,7,0.06689453125,0.85693359375,0.0244140625,0.11163522012578617,0.7137229120871531,17.771468538223655,0.01601935364305973,10.914478302001953,1.00537109375,1.0,0.3333333333333333,nan,1.0,0.30658483505249023,0.3502582609653473,0.13992497324943542,0.0,0.3632286787033081,-0.19022169709205627,0.21313408017158508,0,0.740234375
56,18,0,0.7777777777777778,0.8,0.625,1.0,0.4,342.0335996999999,256.1256035959999,156,1.9487179487179487,8,0.068359375,0.8583984375,0.01953125,0.18237704918032788,0.8417900943185507,13.607465387868452,-0.00765768438577652,9.798906326293945,1.00244140625,1.0,1.0,1.0,1.0,0.3648499548435211,0.315171480178833,0.12718285620212555,0.0,0.3632190227508545,-0.20149114727973938,0.08678442239761353,0,0.67578125
57,19,0,0.6842105263157895,0.25,0.75,0.8181818181818182,0.3333333333333333,358.31040186999985,254.56800279999996,161,1.9751552795031055,8,0.06201171875,0.8603515625,0.02197265625,0.12979890310786105,0.5853958144966288,13.837833326165612,-0.05723905190825462,8.021749496459961,1.00244140625,1.0,0.5,1.0,1.0,0.383999228477478,0.30658453702926636,0.12497884035110474,0.0,0.362968772649765,-0.24308538436889648,0.15488281846046448,0,0.68408203125
58,17,0,0.7058823529411765,0.3333333333333333,1.0,0.8571428571428571,0.7142857142857143,326.7552029,247.75040079999994,151,1.8675496688741722,7,0.07373046875,0.87841796875,0.0234375,0.18317757009345795,0.47631520015932016,12.300148933077201,0.11120747774839401,10.946288108825684,1.00537109375,1.0,0.75,1.0,1.0,0.3657096028327942,0.29289448261260986,0.1394495964050293,0.0,0.36294257640838623,-0.20230592787265778,0.12490488588809967,0,0.65478515625
59,18,0,0.5,0.0,0.45454545454545453,0.8,0.42857142857142855,335.12000774,296.3120004,144,1.7638888888888888,6,0.06201171875,0.86572265625,0.0205078125,0.1875,0.9525011495404752,5.025585032563846,-0.000619860365986824,12.191949844360352,1.0029296875,1.0,1.0,nan,0.5,0.35195428133010864,0.2567105293273926,0.0866733267903328,0.0,0.36279749870300293,-0.20782610774040222,0.03212738782167435,0,0.65185546875
60,18,0,0.6111111111111112,0.2,0.25,1.0,0.5,320.39359814599993,269.54480201999985,140,1.9285714285714286,7,0.05859375,0.9111328125,0.01806640625,0.18902439024390244,0.7209037248866141,7.99041544485573,0.04491937905550003,11.653383255004883,1.0048875855327468,1.0,1.0,1.0,1.0,0.3057911992073059,0.2239178717136383,0.1085483729839325,0.0,0.36228013038635254,-0.22615987062454224,0.06991907954216003,0,0.7021484375
61,19,0,0.7368421052631579,0.7777777777777778,0.5,0.75,0.625,372.37759963000025,274.68080689999994,162,1.8271604938271604,8,0.05615234375,0.8974609375,0.0224609375,0.12237762237762238,0.6739006053483879,12.85895218113861,-0.06692910194396973,10.558944702148438,1.0029296875,0.8,0.6666666666666666,nan,nan,0.3062891364097595,0.24305929243564606,0.11821611225605011,0.0,0.3619968891143799,-0.18866293132305145,0.1380997896194458,0,0.75830078125
62,20,0,0.75,0.5714285714285714,0.5,1.0,1.0,372.76080109999987,276.6400003,169,2.0118343195266273,7,0.06787109375,0.91748046875,0.0244140625,0.2195540308747856,0.4291276871952527,13.690844579010967,0.02090403251349926,15.950234413146973,1.0029296875,1.0,1.0,nan,1.0,0.305550754070282,0.22289563715457916,0.1079128086566925,0.0,0.362011194229126,-0.21323631703853607,0.10838285833597183,0,0.74072265625
63,18,0,0.8333333333333334,0.75,0.6666666666666666,1.0,0.8,348.02240049999983,246.765606,159,2.0628930817610063,9,0.04833984375,0.8974609375,0.0234375,0.15028901734104047,0.8171596951401406,16.50725246051371,-0.012210136279463768,11.03368091583252,1.0029296875,1.0,1.0,1.0,1.0,0.3225192129611969,0.26169246435165405,0.11366355419158936,0.0,0.361945778131485,-0.21935245394706726,0.15676045417785645,0,0.81005859375
64,19,0,0.6842105263157895,0.6666666666666666,0.0,0.7777777777777778,0.625,355.1216014000002,282.3496030999999,155,1.8903225806451613,7,0.078125,0.89453125,0.02001953125,0.14675052410901468,0.48941730481025214,10.771789901586207,0.07317442446947098,9.961016654968262,1.00634765625,1.0,1.0,0.5,0.75,0.35630035400390625,0.26063376665115356,0.16079100966453552,0.0,0.36217397451400757,-0.18930481374263763,0.1594563126564026,0,0.78271484375
65,20,0,0.7,0.6,0.5714285714285714,0.875,0.5714285714285714,389.2639986999997,316.08400050000006,165,1.5212121212121212,5,0.05810546875,0.9091796875,0.01904296875,0.15653775322283608,0.6393751313993793,9.267457528049466,0.022459033876657486,8.71474838256836,1.0029296875,1.0,0.0,1.0,1.0,0.31020647287368774,0.26403212547302246,0.13254597783088684,0.0,0.36229854822158813,-0.2273867130279541,0.12841874361038208,0,0.80859375
66,19,0,0.7894736842105263,0.8333333333333334,0.25,1.0,0.8,376.6080041999999,271.7944014999998,168,2.017857142857143,10,0.09619140625,0.89501953125,0.0234375,0.1140495867768595,0.5538941630744512,15.050786716590329,-0.060860827565193176,10.551114082336426,1.00537109375,1.0,1.0,1.0,1.0,0.352838397026062,0.2635345160961151,0.18178847432136536,0.0,0.36204779148101807,-0.2085391730070114,0.17655201256275177,0,0.849609375
67,19,0,0.9473684210526315,1.0,0.75,1.0,1.0,378.5920001299998,223.90800289999993,179,2.3798882681564244,9,0.1708984375,0.9189453125,0.02978515625,0.12096774193548387,0.6684386273528329,23.560753599850333,0.017695486545562744,6.650182723999023,1.0029296875,1.0,1.0,1.0,1.0,0.37131643295288086,0.2979392111301422,0.22900539636611938,0.0,0.362037718296051,-0.21809503436088562,0.23425309360027313,0,0.8310546875
68,19,0,0.7368421052631579,0.8333333333333334,0.42857142857142855,1.0,0.42857142857142855,354.54159950000013,296.95519944000006,157,1.713375796178344,5,0.10693359375,0.91015625,0.0205078125,0.18480492813141683,0.7187136025268211,10.50363295310568,-0.019784409552812576,8.129562377929688,1.0029296875,1.0,1.0,nan,1.0,0.4030179977416992,0.2365846484899521,0.17656761407852173,0.0,0.3622187376022339,-0.23221802711486816,0.09471012651920319,0,0.7548828125
69,19,0,0.631578947368421,0.2857142857142857,0.8,0.8571428571428571,0.5,359.53440139999987,286.57440169999995,152,1.6776315789473684,5,0.11083984375,0.91015625,0.0205078125,0.15021459227467812,0.7102763986899575,8.51166924018497,0.029548365622758865,7.058950424194336,1.00537109375,1.0,1.0,1.0,0.6666666666666666,0.401991605758667,0.22745761275291443,0.1473516821861267,0.0,0.36203819513320923,-0.25538355112075806,0.0337560698390007,0,0.6943359375
70,18,0,0.6666666666666666,0.5,0.25,1.0,0.6,349.33440290799984,249.0592040999999,156,2.08974358974359,8,0.1279296875,0.91650390625,0.0234375,0.16292134831460675,0.792753810174859,13.284204120059652,-0.15108400583267212,8.517090797424316,1.0029296875,1.0,1.0,nan,1.0,0.4607086777687073,0.2642097771167755,0.1682519018650055,0.0,0.36201339960098267,-0.24374772608280182,0.1012115553021431,0,0.7099609375
71,18,0,0.8333333333333334,0.625,1.0,1.0,0.8,355.94400219999994,259.38800532999994,159,1.9559748427672956,7,0.1005859375,0.90771484375,0.02197265625,0.15517241379310345,0.7196891239154254,15.45925318557062,0.02210879698395729,10.591487884521484,1.00634765625,1.0,1.0,1.0,1.0,0.4163585901260376,0.263701856136322,0.18062296509742737,0.0,0.3620959520339966,-0.21692770719528198,0.16293010115623474,0,0.736328125
72,19,0,0.7894736842105263,0.6,0.75,0.9,1.0,373.54159995000003,277.2543999299999,170,1.911764705882353,7,0.154296875,0.900390625,0.02294921875,0.1426448736998514,0.6304975298999014,14.553684016177682,0.1516384333372116,9.03813648223877,1.0029296875,1.0,0.75,1.0,1.0,0.4435240626335144,0.28597643971443176,0.21886186301708221,0.0,0.3621169626712799,-0.17291440069675446,0.1780892312526703,0,0.7529296875
73,19,0,0.6842105263157895,0.3333333333333333,0.5,1.0,0.7777777777777778,356.4935998400002,241.35200236,161,2.080745341614907,9,0.16748046875,0.89208984375,0.02392578125,0.1362763915547025,0.6953186629318773,14.233649978197871,0.02219219133257866,9.575468063354492,1.00341796875,1.0,1.0,1.0,1.0,0.45074671506881714,0.2623487114906311,0.19265714287757874,0.0,0.3618723154067993,-0.18903565406799316,0.1695815771818161,0,0.71923828125
74,18,0,0.7222222222222222,0.5,0.6666666666666666,1.0,0.5,353.1192018399996,253.9272033,163,2.0245398773006134,8,0.1484375,0.8916015625,0.0263671875,0.15225563909774437,0.667258780921556,14.054848963335468,0.06368622928857803,10.175045013427734,1.0029296875,1.0,nan,1.0,1.0,0.45716723799705505,0.295615553855896,0.20568662881851196,0.0,0.361857533454895,-0.20476451516151428,0.1833798736333847,0,0.73779296875
75,20,0,0.8,1.0,0.5714285714285714,0.9,0.8571428571428571,382.9184004199999,250.23440119999995,170,2.0823529411764707,9,0.1669921875,0.89404296875,0.02392578125,0.1759581881533101,0.8905721152823738,16.478733916686952,0.082628034055233,8.908178329467773,1.0029296875,0.75,1.0,1.0,1.0,0.4748137891292572,0.30869951844215393,0.23935115337371826,0.0,0.36162883043289185,-0.16507843136787415,0.19105497002601624,0,0.73486328125
76,17,0,0.8823529411764706,0.5,1.0,0.9166666666666666,0.6666666666666666,337.30159979999985,248.07359850000006,153,1.9542483660130718,7,0.17724609375,0.89794921875,0.02294921875,0.1596330275229358,0.14972087732504846,16.413033383596247,-0.08813557028770447,8.27081298828125,1.00244140625,0.8,1.0,nan,1.0,0.5337907075881958,0.3132898211479187,0.24082931876182556,0.0,0.3612080216407776,-0.1793910562992096,0.18190911412239075,0,0.6982421875
77,16,0,0.625,0.3333333333333333,0.0,1.0,0.4444444444444444,300.25360064,263.20880323,136,1.9852941176470589,8,0.16552734375,0.86962890625,0.02001953125,0.15789473684210525,0.6770983137672805,8.420810103217349,-0.06656784564256668,9.119402885437012,1.00537109375,1.0,1.0,1.0,1.0,0.43030431866645813,0.33034253120422363,0.2140473872423172,0.0,0.3612906336784363,-0.19054239988327026,0.06977429986000061,0,0.69921875
78,17,0,0.7647058823529411,0.5714285714285714,0.75,1.0,0.6,329.106399684,231.13280389999997,154,2.0974025974025974,10,0.16064453125,0.86181640625,0.0205078125,0.13358070500927643,1.24401627240974,15.734037471120082,0.03893638402223587,7.001263618469238,1.00244140625,1.0,1.0,1.0,nan,0.46266016364097595,0.3386049270629883,0.2373456209897995,0.0,0.36143213510513306,-0.2081516683101654,0.05259338766336441,0,0.7138671875
79,16,0,0.75,0.75,0.0,0.8571428571428571,0.8,312.02399849999995,217.70959939999986,134,1.7611940298507462,7,0.20263671875,0.82763671875,0.0234375,0.1306930693069307,0.6199164766678114,12.47266517341908,0.04094304144382477,6.198955059051514,1.00244140625,1.0,0.0,1.0,1.0,0.47446900606155396,0.4216657280921936,0.27941015362739563,0.0,0.36135831475257874,-0.15239892899990082,0.1677131950855255,0,0.75732421875
80,15,0,0.7333333333333333,0.6,0.5,1.0,0.5,289.8064,216.06319929999995,125,1.872,9,0.19921875,0.82080078125,0.02099609375,0.17560975609756097,0.6405832263337711,12.620994346379396,0.11680082231760025,9.248257637023926,1.00244140625,1.0,1.0,nan,1.0,0.4547833800315857,0.4376300573348999,0.2851039469242096,0.0,0.3613898456096649,-0.17448025941848755,0.07722869515419006,0,0.79296875
81,18,0,0.6666666666666666,0.5,1.0,1.0,0.6,347.1080000500001,253.83440359999997,148,2.1013513513513513,10,0.19970703125,0.81494140625,0.0185546875,0.1365079365079365,0.5941609062295419,11.707595181229827,0.08238325268030167,8.819472312927246,1.00341796875,nan,1.0,1.0,1.0,0.3713173270225525,0.4493921399116516,0.23912052810192108,0.0,0.361555814743042,-0.20453056693077087,0.017556684091687202,0,0.7900390625
82,17,0,0.8235294117647058,1.0,0.5714285714285714,1.0,1.0,338.488001,226.53840270999993,148,2.135135135135135,9,0.22509765625,0.80908203125,0.021484375,0.21256038647342995,0.7950865151809087,17.550640230882244,0.06882944703102112,8.37511157989502,1.00244140625,1.0,1.0,1.0,1.0,0.44358891248703003,0.425914466381073,0.26617467403411865,0.0,0.3618326783180237,-0.21568521857261658,0.11718153208494186,0,0.81103515625
83,16,0,0.5625,0.2,0.5,0.7777777777777778,0.2857142857142857,298.9776006999999,222.01760140000007,130,2.1,10,0.20263671875,0.79052734375,0.02099609375,0.16241299303944315,0.6688241206351486,9.546962025901198,0.00781727209687233,8.145905494689941,1.0029296875,0.5,1.0,nan,1.0,0.44476643204689026,0.4510459899902344,0.26004713773727417,0.0,0.3621935546398163,-0.17790523171424866,0.10383297502994537,0,0.7607421875
84,16,0,0.8125,0.3333333333333333,0.8333333333333334,1.0,1.0,311.0439973,233.61120505999997,142,1.8309859154929577,8,0.1982421875,0.7841796875,0.0205078125,0.14220183486238533,0.6007986748242167,14.746240930354006,0.09772716462612152,12.220510482788086,1.0029296875,1.0,1.0,1.0,1.0,0.40793612599372864,0.45000898838043213,0.2545948326587677,0.0,0.3623850643634796,-0.2019837200641632,0.05915992707014084,0,0.80322265625
85,16,0,0.5625,0.6666666666666666,0.0,1.0,0.5,289.04799899999983,257.98080047999997,124,1.4838709677419355,4,0.13623046875,0.75830078125,0.015625,0.1870967741935484,0.7086664471648094,4.331947455427041,0.002316568046808243,6.922974109649658,1.00634765625,1.0,nan,1.0,1.0,0.38410675525665283,0.44757115840911865,0.19832074642181396,0.0,0.36213013529777527,-0.23817935585975647,0.0477660708129406,0,0.81884765625
86,18,0,0.7222222222222222,0.6,0.0,0.9090909090909091,0.7142857142857143,335.9192007999999,270.0944007,145,1.9448275862068964,10,0.177734375,0.79150390625,0.0205078125,0.1693227091633466,0.5971801188750617,11.377030135686946,0.027949783951044083,9.54991340637207,1.0029296875,1.0,0.8,1.0,1.0,0.4359099864959717,0.413562536239624,0.23234008252620697,0.0,0.3619358539581299,-0.21553701162338257,-0.01082189753651619,0,0.7265625
87,16,0,0.75,0.8333333333333334,0.0,1.0,0.3333333333333333,321.6143986399999,211.92479979999985,135,1.8518518518518519,7,0.1865234375,0.80029296875,0.0205078125,0.14823529411764705,0.6182277219217566,13.90322927299751,0.06156893074512482,8.320882797241211,1.00634765625,1.0,1.0,nan,1.0,0.45304954051971436,0.41257306933403015,0.22523778676986694,0.0,0.3618638515472412,-0.21566401422023773,0.11962750554084778,0,0.79296875
88,17,0,0.5882352941176471,0.5,0.25,0.8571428571428571,0.3333333333333333,286.8671996500001,250.09600279999987,124,1.7096774193548387,6,0.17919921875,0.80126953125,0.02197265625,0.14210526315789473,0.650608647463292,7.124603543939709,0.022586558014154434,9.583195686340332,1.00537109375,1.0,0.0,nan,1.0,0.4594596028327942,0.40622615814208984,0.24199031293392181,0.0,0.36186182498931885,-0.2060154378414154,0.1354144811630249,0,0.76953125
89,17,0,0.7058823529411765,0.25,0.75,0.8888888888888888,0.8888888888888888,329.5720015100002,253.37280211999988,149,2.0134228187919465,10,0.16748046875,0.82177734375,0.01953125,0.14617169373549885,0.5449702358970143,11.64233110532787,-0.09146346151828766,14.474305152893066,1.0029296875,0.8,nan,1.0,1.0,0.43359917402267456,0.38923653960227966,0.23968614637851715,0.0,0.36174121499061584,-0.2513939142227173,0.11906340718269348,0,0.76123046875
90,18,0,0.6666666666666666,0.75,0.5,1.0,0.3333333333333333,353.1200025599999,306.8160016399999,146,1.643835616438356,8,0.12939453125,0.8583984375,0.01806640625,0.18115942028985507,0.6813497560789008,8.199233259742014,0.059693511575460434,6.577728271484375,1.0029296875,1.0,nan,1.0,1.0,0.3986828327178955,0.3453250825405121,0.18346741795539856,0.0,0.3614252805709839,-0.28212159872055054,0.006746150553226471,0,0.78662109375
91,19,0,0.7368421052631579,0.7142857142857143,0.3333333333333333,0.8888888888888888,0.25,359.09679759999983,228.36320339999995,161,2.1739130434782608,9,0.21630859375,0.8427734375,0.02099609375,0.13717693836978131,0.5495613373718561,15.666824708210408,0.0769752487540245,9.85102653503418,1.00634765625,1.0,0.75,nan,1.0,0.4337384104728699,0.39054691791534424,0.21582412719726562,0.0,0.36108994483947754,-0.25644993782043457,0.1659511923789978,0,0.80615234375
92,18,0,0.7777777777777778,0.5,0.8333333333333334,1.0,0.6666666666666666,358.8984000000001,264.4248010000001,164,2.0548780487804876,8,0.17333984375,0.826171875,0.0234375,0.18095238095238095,0.5925737185898304,15.320767806666929,0.0959329903125763,11.449661254882812,1.0029296875,1.0,1.0,1.0,nan,0.38234442472457886,0.3955879509449005,0.22704437375068665,0.0,0.3606368601322174,-0.2334558665752411,0.1254320740699768,0,0.841796875
93,18,0,0.7222222222222222,0.5,0.6,1.0,1.0,338.41360028,238.96400020000002,150,2.14,10,0.18408203125,0.84228515625,0.01953125,0.16701902748414377,0.6963815817764984,13.175449069917347,0.08504245430231094,12.846497535705566,1.0029296875,1.0,1.0,1.0,nan,0.3975098729133606,0.3838808536529541,0.21233373880386353,0.0,0.3606730103492737,-0.22280016541481018,0.13612835109233856,0,0.79443359375
94,19,0,0.6842105263157895,0.6666666666666666,0.25,0.8888888888888888,0.6666666666666666,352.82559967,284.88639779999994,157,1.6369426751592357,6,0.13330078125,0.826171875,0.0234375,0.1898238747553816,0.6040320959532037,10.25948873890961,-0.019601449370384216,9.149744033813477,1.00244140625,1.0,nan,1.0,0.8,0.3297007381916046,0.3858392834663391,0.18600474298000336,0.0,0.3610233664512634,-0.2690334618091583,0.11754603683948517,0,0.8720703125
95,18,0,0.8333333333333334,1.0,0.4,1.0,0.8,366.0519974210002,248.34480483,163,1.883435582822086,6,0.1806640625,0.8466796875,0.02001953125,0.17286245353159851,0.7230715546743699,15.949640875709882,0.1335766613483429,8.697702407836914,1.00537109375,1.0,1.0,1.0,1.0,0.41356372833251953,0.3491687774658203,0.21154245734214783,0.0,0.36148548126220703,-0.23734357953071594,0.11275134235620499,0,0.798828125
96,18,0,0.7222222222222222,0.5,0.3333333333333333,0.9090909090909091,0.8,361.81599925999996,223.50800129999982,159,2.2452830188679247,7,0.259765625,0.865234375,0.025390625,0.10505050505050505,0.4188760395087049,17.424548425028192,-0.03653470054268837,6.355241775512695,1.00341796875,0.8,1.0,1.0,1.0,0.44722849130630493,0.3506332039833069,0.2620047628879547,0.0,0.36172884702682495,-0.20857486128807068,0.20955242216587067,0,0.77978515625
97,20,0,0.8,0.75,0.5714285714285714,1.0,0.5714285714285714,375.89600239999993,299.08320537999987,159,1.6603773584905661,6,0.13525390625,0.845703125,0.02294921875,0.1614785992217899,0.5737624481829378,12.909879510023544,-0.009459616616368294,8.700052261352539,1.0029296875,1.0,1.0,1.0,1.0,0.3562891483306885,0.3398309051990509,0.17817775905132294,0.0,0.36144351959228516,-0.20923346281051636,0.08174951374530792,0,0.81640625
98,19,0,0.6842105263157895,0.6666666666666666,0.4444444444444444,1.0,0.6,376.63040238599973,272.30880445,159,1.9559748427672956,9,0.15673828125,0.87841796875,0.02392578125,0.13309352517985612,0.6209506656964907,12.350852112890271,-0.09588073939085007,9.877803802490234,1.00537109375,1.0,nan,1.0,1.0,0.34969907999038696,0.31852853298187256,0.1886824667453766,0.0,0.3609992563724518,-0.23481151461601257,0.09645279496908188,0,0.859375
99,19,0,0.8947368421052632,0.5,0.75,1.0,0.8333333333333334,383.7975986299997,249.22240652599987,180,2.35,10,0.16748046875,0.8544921875,0.02783203125,0.10344827586206896,0.32269833937506315,21.40303726416108,-0.04817410558462143,11.037023544311523,1.0024425989252566,1.0,1.0,1.0,1.0,0.3896726667881012,0.3509281575679779,0.21426400542259216,0.0,0.3610083758831024,-0.1777084469795227,0.12234102189540863,0,0.8330078125
100,20,0,0.45,0.16666666666666666,0.25,1.0,0.3333333333333333,357.60639960000026,302.5775986000002,155,1.935483870967742,8,0.12353515625,0.849609375,0.0185546875,0.18042226487523993,0.41725286990606797,4.298207000453849,0.03341340646147728,11.933242797851562,1.0029296875,1.0,nan,1.0,1.0,0.34175795316696167,0.37044966220855713,0.16285070776939392,0.0,0.3609120845794678,-0.17613863945007324,0.06659023463726044,0,0.8525390625
101,19,0,0.7894736842105263,1.0,0.3333333333333333,1.0,0.5,378.9344005899998,277.6632032000001,164,1.951219512195122,9,0.10986328125,0.85791015625,0.0205078125,0.13474025974025974,0.8709730936516022,15.033938371356598,0.004321284592151642,12.353976249694824,1.00537109375,1.0,1.0,1.0,1.0,0.28967440128326416,0.332118421792984,0.13217294216156006,0.0,0.360787570476532,-0.21985134482383728,0.0500025749206543,0,0.873046875
102,19,0,0.7894736842105263,0.6666666666666666,0.8,0.8181818181818182,0.8333333333333334,370.5120001600001,277.6912071999999,166,1.7891566265060241,7,0.14306640625,0.8525390625,0.02001953125,0.14814814814814814,0.3991172665572119,13.751080477940802,0.029272623360157013,10.544404029846191,1.0029296875,1.0,1.0,0.75,0.75,0.3767719864845276,0.33872029185295105,0.20443183183670044,0.0,0.3605658710002899,-0.1974799931049347,0.12272682785987854,0,0.85302734375
103,19,0,0.631578947368421,0.625,0.3333333333333333,1.0,0.4,358.69200170000005,301.58239657999985,151,1.7615894039735098,8,0.11376953125,0.8427734375,0.01904296875,0.1527001862197393,0.7111967049043745,8.097309745630787,-0.017534561455249786,10.689668655395508,1.00634765625,1.0,nan,nan,1.0,0.316822350025177,0.3716743588447571,0.15813764929771423,0.0,0.36093294620513916,-0.2127508521080017,0.057713013142347336,0,0.875
104,18,0,0.6666666666666666,0.6666666666666666,0.5714285714285714,0.8,0.5,347.30160285999995,265.33120443999996,145,1.9241379310344828,6,0.10986328125,0.83544921875,0.0205078125,0.15550239234449761,0.523109316308547,11.436482488539,0.05604082718491554,11.903484344482422,1.00634765625,1.0,nan,nan,0.0,0.2941308915615082,0.3522741198539734,0.17986997961997986,0.0,0.36097273230552673,-0.19536754488945007,0.06351161748170853,0,0.86083984375
105,18,0,0.7777777777777778,0.6666666666666666,0.6666666666666666,1.0,1.0,352.30159829999997,267.33279519999996,150,1.8866666666666667,7,0.10498046875,0.84619140625,0.0224609375,0.1694915254237288,0.4655424740605747,13.516666255332602,0.0485326424241066,10.10932731628418,1.0029296875,1.0,nan,nan,1.0,0.31242090463638306,0.3744659721851349,0.18406261503696442,0.0,0.36094558238983154,-0.22586579620838165,0.1229548454284668,0,0.88134765625
106,19,0,0.7368421052631579,0.5,0.5,0.9090909090909091,1.0,364.2432008999998,229.20959929999998,164,2.0548780487804876,7,0.18798828125,0.8505859375,0.02490234375,0.12030075187969924,0.5643951018034332,16.302445540865758,-0.08824440836906433,8.652453422546387,1.00244140625,0.8571428571428571,1.0,nan,1.0,0.3890182375907898,0.37057992815971375,0.21902969479560852,0.0,0.36126452684402466,-0.21321630477905273,0.1947861909866333,0,0.84033203125
107,19,0,0.7894736842105263,0.6666666666666666,0.7142857142857143,1.0,1.0,378.89839974999995,278.4504028000001,164,2.0304878048780486,7,0.1162109375,0.8603515625,0.021484375,0.1554192229038855,0.5103355509287816,15.34851530287413,0.06030784174799919,13.265104293823242,1.0029296875,nan,1.0,nan,1.0,0.30530843138694763,0.33157768845558167,0.17399418354034424,0.0,0.3614382743835449,-0.26517534255981445,0.10063628852367401,0,0.88720703125
108,19,0,0.7368421052631579,0.75,0.6666666666666666,0.8333333333333334,0.7142857142857143,373.85600205000003,275.22400054999997,168,1.9226190476190477,7,0.1162109375,0.83935546875,0.021484375,0.1672473867595819,0.5813930280106872,12.385659498394695,0.053417470306158066,9.286737442016602,1.00634765625,nan,1.0,1.0,0.6666666666666666,0.3237255811691284,0.3534361720085144,0.18068063259124756,0.0,0.3614092171192169,-0.2723918855190277,0.12096075713634491,0,0.8701171875
109,20,0,0.85,1.0,0.625,1.0,0.8333333333333334,378.70400109999997,236.14240053999993,167,2.179640718562874,9,0.12255859375,0.83837890625,0.01904296875,0.15196998123827393,0.5200517711924122,19.326329008713685,-0.012208712287247181,8.5810546875,1.0029296875,1.0,1.0,1.0,nan,0.30666792392730713,0.3686419427394867,0.19100666046142578,0.0,0.3614097237586975,-0.23334690928459167,0.13599424064159393,0,0.86962890625
110,18,0,0.7222222222222222,1.0,0.3333333333333333,0.8571428571428571,0.5,352.82239893,272.0039996500001,150,1.62,5,0.09130859375,0.83642578125,0.0224609375,0.1978021978021978,0.5467251420950213,11.080882997576317,-0.0016551283188164234,8.879302978515625,1.00244140625,0.75,nan,nan,1.0,0.2619900703430176,0.3634180426597595,0.17396241426467896,0.0,0.36147284507751465,-0.2615754008293152,0.16286863386631012,0,0.90673828125
111,19,0,0.8947368421052632,0.75,0.5,1.0,0.8,370.3519996999997,221.53520209999996,168,2.3988095238095237,10,0.16162109375,0.8671875,0.0283203125,0.08983050847457627,0.40296304671063393,21.91951483422454,-0.03401853144168854,8.216245651245117,1.00634765625,1.0,1.0,nan,1.0,0.23105306923389435,0.3213818669319153,0.1840541660785675,0.0,0.36111634969711304,-0.21917259693145752,0.1912723183631897,0,0.908203125
112,21,0,0.7142857142857143,0.75,0.4,0.875,0.7777777777777778,406.0831983600001,315.14880410000006,174,1.8333333333333333,9,0.0859375,0.85888671875,0.02197265625,0.1859706362153344,0.4003891550318995,11.049266824114973,0.059711799025535583,11.83828353881836,1.0029296875,1.0,nan,1.0,0.75,0.19738279283046722,0.32870811223983765,0.1262480616569519,0.0,0.3608289957046509,-0.30564308166503906,0.16621392965316772,0,0.94482421875
113,17,0,0.8235294117647058,0.75,0.75,0.8888888888888888,0.6,347.6480019199999,231.79680317000003,158,1.9240506329113924,6,0.12548828125,0.85498046875,0.0263671875,0.0593900481540931,0.3513395560504182,17.587432858367723,-0.006215054541826248,8.415271759033203,1.0029296875,1.0,0.0,1.0,1.0,0.2952813506126404,0.32615625858306885,0.1928299218416214,0.0,0.360588937997818,-0.20262888073921204,0.2231968343257904,0,0.89599609375
114,17,0,0.7058823529411765,0.5555555555555556,0.75,1.0,0.5,328.3439998,243.4416008899999,149,1.8053691275167785,6,0.11865234375,0.85546875,0.02197265625,0.1329243353783231,0.8061081987406962,12.466103716535464,0.022301791235804558,8.921028137207031,1.0029296875,1.0,1.0,nan,1.0,0.29659485816955566,0.3539139926433563,0.20226773619651794,0.0,0.36074385046958923,-0.25149083137512207,0.20035703480243683,0,0.90771484375
115,19,0,0.631578947368421,0.6666666666666666,0.5714285714285714,0.6666666666666666,0.16666666666666666,384.53520073999965,296.83999833,174,1.7528735632183907,6,0.1044921875,0.8603515625,0.021484375,0.13162118780096307,0.44702974276053953,9.879886391325764,-0.09310318529605865,6.836612224578857,1.0029296875,0.5,1.0,nan,1.0,0.22205880284309387,0.3374662399291992,0.15112939476966858,0.0,0.36106759309768677,-0.26674073934555054,0.22187849879264832,0,0.91845703125
116,19,0,0.6842105263157895,0.42857142857142855,0.3333333333333333,1.0,1.0,365.92319840000005,247.51200479999986,160,1.85,5,0.13671875,0.88623046875,0.02490234375,0.15530903328050713,0.4783678487361247,13.676625328212989,-0.05745919793844223,6.672582149505615,1.0073277967757694,1.0,1.0,nan,1.0,0.27327975630760193,0.3035377264022827,0.1891966313123703,0.0,0.36117348074913025,-0.2579009532928467,0.27338436245918274,0,0.88671875
117,20,0,0.85,1.0,0.5,1.0,0.8333333333333334,389.5568008,274.4575971400001,174,1.9655172413793103,8,0.134765625,0.88916015625,0.0205078125,0.13580246913580246,0.885623835630565,16.945071600989735,0.01278135646134615,8.887735366821289,1.00537109375,1.0,1.0,1.0,1.0,0.2608009874820709,0.28633007407188416,0.19255365431308746,0.0,0.3613532781600952,-0.2833244800567627,0.302720308303833,0,0.89013671875
118,18,0,0.6666666666666666,0.42857142857142855,nan,0.8181818181818182,0.4,362.7231969600001,271.44719920999995,157,1.7961783439490446,8,0.15478515625,0.88720703125,0.01953125,0.14285714285714285,0.5454075055276103,11.358816392851104,0.04307106137275696,10.473535537719727,1.0029296875,1.0,0.75,0.5,1.0,0.26314595341682434,0.27636393904685974,0.19202300906181335,0.0,0.36131030321121216,-0.3063938319683075,0.31850308179855347,0,0.88037109375
119,20,0,0.8,0.5,0.8,1.0,1.0,396.12080139999983,305.70080068000004,171,1.9181286549707601,10,0.12353515625,0.904296875,0.02392578125,0.13505747126436782,0.5564865493183514,14.110120843580157,0.04792986437678337,8.548562049865723,1.00244140625,1.0,1.0,1.0,1.0,0.21513493359088898,0.2905184030532837,0.1663236916065216,0.0,0.3611941337585449,-0.31965774297714233,0.3137049078941345,0,0.912109375
120,19,0,0.6842105263157895,0.625,0.5,1.0,1.0,360.36000173999963,257.6311989000001,153,1.9150326797385622,7,0.16162109375,0.8818359375,0.02392578125,0.16055846422338568,0.6337015847227123,12.295895349413529,0.009808069095015526,11.2560396194458,1.00244140625,1.0,nan,1.0,1.0,0.21004851162433624,0.30595505237579346,0.16130346059799194,0.0,0.36138904094696045,-0.33206886053085327,0.3247981667518616,0,0.90771484375
121,19,0,0.8421052631578947,0.6,0.8,1.0,0.6666666666666666,369.90400070000004,267.90000329999987,157,1.8152866242038217,7,0.14501953125,0.84130859375,0.021484375,0.16393442622950818,0.34915613939423984,15.181410046596136,-0.0002997834235429764,6.213037967681885,1.00537109375,1.0,1.0,1.0,1.0,0.277728796005249,0.34648340940475464,0.21446844935417175,0.0,0.36118364334106445,-0.3068265914916992,0.3009856939315796,0,0.91162109375
122,20,0,0.55,0.5555555555555556,0.25,0.7142857142857143,0.5714285714285714,377.85840098999984,339.30320346,156,1.641025641025641,6,0.10400390625,0.86376953125,0.01953125,0.19071310116086235,0.5463632470546733,4.706338870815729,0.08589135855436325,12.414288520812988,1.00244140625,1.0,0.0,0.0,1.0,0.19999277591705322,0.32722246646881104,0.16452300548553467,0.0,0.3608512282371521,-0.39689570665359497,0.21612781286239624,0,0.9267578125
123,19,0,0.7368421052631579,0.5,0.6666666666666666,1.0,0.7142857142857143,367.04880210000016,261.95199949999994,156,1.8653846153846154,7,0.1787109375,0.83642578125,0.0185546875,0.1440329218106996,0.4586493617126701,13.286736959089701,0.025036722421646118,11.347663879394531,1.00537109375,nan,1.0,1.0,1.0,0.2640777826309204,0.3308371901512146,0.19634029269218445,0.0,0.360536128282547,-0.38029858469963074,0.28707873821258545,0,0.888671875
124,20,0,0.8,0.75,0.5,1.0,1.0,385.47199927,258.90320059,167,1.970059880239521,8,0.2158203125,0.8583984375,0.02587890625,0.14309764309764308,0.39069788757718793,16.40804401035578,0.021174484863877296,7.757022380828857,1.00244140625,1.0,1.0,1.0,1.0,0.30474549531936646,0.3414209485054016,0.21593624353408813,0.0,0.3607317805290222,-0.34878140687942505,0.33399033546447754,0,0.865234375
125,18,0,0.8333333333333334,1.0,0.7142857142857143,0.875,0.6,350.7359986,269.25520049999994,147,1.748299319727891,7,0.1572265625,0.857421875,0.01904296875,0.17278617710583152,0.5989349839842931,13.785226932256181,-0.009941719472408295,6.352828025817871,1.00244140625,1.0,1.0,0.75,1.0,0.2250937670469284,0.3341982066631317,0.16094473004341125,0.0,0.3605732321739197,-0.42265909910202026,0.2546217441558838,0,0.9140625
126,18,0,0.7777777777777778,1.0,0.42857142857142855,1.0,0.8,365.84240324000024,263.6800003999999,156,1.8653846153846154,7,0.14892578125,0.8564453125,0.02197265625,0.12478632478632479,0.4659963375177334,13.01538836008412,-0.036277562379837036,10.730344772338867,1.00537109375,1.0,1.0,nan,1.0,0.22675839066505432,0.33929330110549927,0.16316425800323486,0.0,0.360731840133667,-0.3784218728542328,0.22243407368659973,0,0.88671875
127,19,0,0.5789473684210527,0.6666666666666666,0.14285714285714285,1.0,0.5,347.7375988000001,308.3551989,147,1.7619047619047619,8,0.13720703125,0.8603515625,0.01611328125,0.19776119402985073,0.5653793139227349,6.451137724498127,0.026915855705738068,10.918452262878418,1.00634765625,1.0,1.0,1.0,nan,0.21534428000450134,0.35108330845832825,0.16347014904022217,0.0,0.3609892725944519,-0.36319369077682495,0.2313559651374817,0,0.896484375
128,20,0,0.8,0.6666666666666666,0.5,1.0,0.7142857142857143,376.39199849999994,257.53119959999987,164,1.8597560975609757,7,0.205078125,0.8720703125,0.0234375,0.16019417475728157,0.4124616704133127,15.53145345358393,-0.003334585577249527,6.290966987609863,1.00634765625,1.0,1.0,1.0,1.0,0.26510298252105713,0.30558639764785767,0.19939881563186646,0.0,0.3607696294784546,-0.3310013711452484,0.26613548398017883,0,0.8779296875
129,18,0,0.7222222222222222,1.0,0.6,0.7,0.8,360.52560211000014,264.6456005399999,156,1.9294871794871795,7,0.16943359375,0.86572265625,0.0205078125,0.14485165794066318,0.41488757944022736,13.14648364385235,0.0026602502912282944,8.533708572387695,1.0029296875,1.0,1.0,0.5714285714285714,1.0,0.21457888185977936,0.3263877034187317,0.16807980835437775,0.0,0.360636442899704,-0.3265641927719116,0.2700938880443573,0,0.90283203125
130,19,0,0.631578947368421,0.5,0.5,0.7777777777777778,0.4,368.5999980000001,304.3447990600002,154,1.6818181818181819,8,0.13720703125,0.8681640625,0.01611328125,0.1839080459770115,0.13062895463253518,8.612639194180147,-0.08219989389181137,10.753039360046387,1.0029296875,1.0,0.5,nan,1.0,0.16703671216964722,0.3003854751586914,0.14609870314598083,0.0,0.3606123924255371,-0.3937322199344635,0.22122997045516968,0,0.92529296875
131,20,0,0.8,0.6666666666666666,1.0,0.8,0.75,391.74400171399964,288.9304028,166,1.8373493975903614,7,0.1806640625,0.87646484375,0.0185546875,0.2119205298013245,0.5715827697482918,12.941931539032527,-0.027489706873893738,13.025506973266602,1.00244140625,1.0,1.0,1.0,0.5,0.2005230039358139,0.3332326114177704,0.1940430998802185,0.0,0.36046403646469116,-0.31216418743133545,0.30210453271865845,0,0.9228515625
132,19,0,1.0,1.0,1.0,1.0,1.0,380.2240008999999,220.69600939999998,164,1.951219512195122,6,0.2529296875,0.8505859375,0.0263671875,0.14100185528756956,0.3820987845439695,22.55155987372918,0.03230061009526253,5.856131553649902,1.0,1.0,1.0,1.0,1.0,0.28076809644699097,0.30450308322906494,0.22615385055541992,0.0,0.36039769649505615,-0.2853514850139618,0.40600186586380005,0,0.91064453125
133,20,0,0.75,0.5,0.6666666666666666,1.0,0.6666666666666666,377.8255983999999,286.76000014000005,165,1.8727272727272728,6,0.21875,0.87890625,0.0224609375,0.1312127236580517,0.3670939779062579,13.729760600229136,0.09195490181446075,5.763181686401367,1.0029296875,1.0,1.0,1.0,1.0,0.26347029209136963,0.3345522880554199,0.22021377086639404,0.0,0.3604271709918976,-0.3135737180709839,0.31043899059295654,0,0.908203125
134,19,0,0.8421052631578947,0.5,1.0,1.0,1.0,381.84320302000026,261.36000943,175,2.0342857142857143,9,0.25634765625,0.87451171875,0.02587890625,0.10847457627118644,0.4444498043665231,17.35979044762232,0.0015008095651865005,7.188356876373291,1.00244140625,1.0,1.0,1.0,1.0,0.2579159140586853,0.31180715560913086,0.2154722362756729,0.0,0.360319584608078,-0.3273097276687622,0.36475011706352234,0,0.896484375
135,20,0,0.75,0.6,0.6666666666666666,0.8888888888888888,0.5,396.7703988200001,284.02719563899996,163,1.8404907975460123,7,0.197265625,0.8935546875,0.02099609375,0.13949275362318841,0.444295468504062,13.818310396622786,0.024517979472875595,9.247447967529297,1.0029296875,0.5,1.0,1.0,1.0,0.21902625262737274,0.2890019118785858,0.16633793711662292,0.0,0.3601458668708801,-0.36689281463623047,0.26517385244369507,0,0.90234375
136,20,0,0.85,0.8,0.8,0.9,0.8571428571428571,373.82400017000003,279.17840517,160,1.725,6,0.2578125,0.8662109375,0.017578125,0.14444444444444443,0.3225588788517311,14.346243587247216,0.022860798984766006,8.358658790588379,1.00244140625,1.0,0.0,nan,1.0,0.2507178783416748,0.3137653172016144,0.22452616691589355,0.0,0.3603121042251587,-0.3304882049560547,0.3026331663131714,0,0.91064453125
137,19,0,0.5789473684210527,0.0,0.2222222222222222,1.0,0.6,364.2080015499998,290.54160079999997,158,1.9050632911392404,11,0.1826171875,0.8935546875,0.0185546875,0.1415929203539823,0.4570981237349295,7.73836575985172,0.07778237015008926,6.742571830749512,1.00244140625,1.0,1.0,nan,1.0,0.20132237672805786,0.3306070864200592,0.20133906602859497,0.0,0.36059701442718506,-0.3877675235271454,0.2617771029472351,0,0.9326171875
138,20,0,0.85,0.75,0.6666666666666666,1.0,1.0,386.0120021999997,278.56800069999997,168,1.8333333333333333,7,0.22509765625,0.8779296875,0.0205078125,0.1413427561837456,0.5934850247524305,15.811861042962963,-0.05431429669260979,9.466216087341309,1.0029296875,1.0,1.0,1.0,1.0,0.20848093926906586,0.33237963914871216,0.20017141103744507,0.0,0.3606873154640198,-0.3495577871799469,0.3226412832736969,0,0.9306640625
139,21,0,0.6666666666666666,0.42857142857142855,0.6,0.8888888888888888,0.75,414.62080025000006,345.26799955000024,180,1.6888888888888889,8,0.15771484375,0.88525390625,0.0166015625,0.15994020926756353,0.5581111198885647,9.227033978786153,0.007895356975495815,7.670267105102539,1.00244140625,0.6666666666666666,1.0,1.0,1.0,0.17712247371673584,0.294069766998291,0.17860117554664612,0.0,0.3607652187347412,-0.3740525543689728,0.29647907614707947,0,0.94921875
140,20,0,0.75,0.3333333333333333,0.7142857142857143,0.9,0.8333333333333334,391.46720149999993,291.5160014800001,169,1.9171597633136095,9,0.1982421875,0.89599609375,0.0244140625,0.12131147540983607,0.4606701613482615,12.912935170470186,0.02374267578125,9.710737228393555,1.00244140625,0.5,1.0,1.0,1.0,0.19239966571331024,0.30339211225509644,0.16670344769954681,0.0,0.36063718795776367,-0.36882829666137695,0.3336777091026306,0,0.92919921875
141,18,0,0.8888888888888888,0.7142857142857143,1.0,1.0,1.0,363.37200010000015,262.66880447099993,163,1.8650306748466257,8,0.27197265625,0.8642578125,0.02197265625,0.10625,0.43122388018741664,16.268724774528657,-0.00701805017888546,10.353448867797852,1.0029296875,1.0,1.0,1.0,1.0,0.2731980085372925,0.3244364559650421,0.19225843250751495,0.0,0.3601475656032562,-0.3658252954483032,0.4121300280094147,0,0.89697265625
142,20,0,0.7,0.5714285714285714,0.4,1.0,0.75,397.0032003500001,289.48400269999996,178,1.9831460674157304,8,0.25732421875,0.8916015625,0.0205078125,0.13526570048309178,0.5083976809257984,12.940841919887578,0.03416096046566963,7.038225173950195,1.0029296875,1.0,1.0,1.0,1.0,0.237699955701828,0.3029027283191681,0.17652931809425354,0.0,0.3596990406513214,-0.3941808342933655,0.40581539273262024,0,0.89404296875
1,16,0,0.875,0.5,1.0,1.0,0.6,322.8360011300001,254.149599817,147,1.7074829931972788,7,0.19482421875,0.82177734375,0.0205078125,0.14084507042253522,0.19223672077269677,13.804039387184098,0.03956570848822594,7.975213527679443,1.0,1.0,nan,1.0,nan,0.24247071146965027,0.4099496901035309,0.23041188716888428,0.0,0.3602703809738159,-0.35686129331588745,0.3562012016773224,0,0.91015625
2,7,1,0.8571428571428571,nan,nan,nan,1.0,107.112,91.26320290000001,48,1.375,4,0.140625,0.64013671875,0.005859375,0.21323529411764705,0.4543993261399239,11.78239512701987,-0.07371585071086884,0.9955463409423828,1.00732421875,nan,nan,nan,nan,0.591282308101654,0.525281548500061,0.25806090235710144,0.0,0.36044633388519287,-0.3028740882873535,0.228030264377594,0,0.8193359375
3,1,1,0.0,nan,nan,nan,0.0,0.0,0.0,0,0.0,0,0.17822265625,0.87548828125,0.0,1.0,-59.82649793013962,-14.174444393571223,0.02811608836054802,0.2727058231830597,1.0,nan,nan,nan,nan,0.43141859769821167,0.43391966819763184,0.36486873030662537,0.0,0.36036521196365356,-0.22960299253463745,0.7202168703079224,0,0.85595703125
4,9,1,0.5555555555555556,1.0,1.0,1.0,0.6666666666666666,139.69599955,127.54800115000002,57,2.245614035087719,11,0.1328125,0.83349609375,0.0048828125,0.5989304812834224,-32.999303363691915,-7.035015101561445,0.07211033999919891,3.16640567779541,1.0,nan,nan,nan,1.0,0.3601471781730652,0.44450899958610535,0.306580126285553,0.0,0.3601630628108978,-0.34319865703582764,0.48839351534843445,0,0.8740234375
5,8,1,0.875,nan,nan,0.0,1.0,132.47199850000004,105.67200100000001,48,1.3541666666666667,3,0.13720703125,0.67578125,0.00634765625,0.1291866028708134,0.1722791236433528,10.240660445968569,-0.07043305039405823,0.4540709853172302,1.00244140625,nan,nan,0.0,nan,0.3396016061306,0.5552128553390503,0.27965742349624634,0.0,0.36057838797569275,-0.33903753757476807,0.2574463486671448,0,0.92822265625
6,10,0,0.6,1.0,nan,nan,nan,188.24000289999995,179.28880120000002,72,1.3472222222222223,4,0.07080078125,0.7060546875,0.0078125,0.20502092050209206,0.3409829045690006,1.7422194068986865,0.02535373345017433,3.272496223449707,1.0,nan,nan,nan,nan,0.36641791462898254,0.48583802580833435,0.16325584053993225,0.0,0.3608936071395874,-0.3934684991836548,0.21762113273143768,0,0.912109375
7,19,0,0.8947368421052632,1.0,0.75,1.0,0.8333333333333334,364.64319888000017,240.84399857000002,153,2.0326797385620914,10,0.2314453125,0.8916015625,0.021484375,0.13157894736842105,0.4651651945851128,17.92066829020147,-0.09145864099264145,7.3350019454956055,1.0029339853300734,1.0,1.0,nan,1.0,0.2061513364315033,0.25003325939178467,0.2606777250766754,0.0,0.36080706119537354,-0.37289002537727356,0.43483301997184753,0,0.93994140625
8,18,0,0.7222222222222222,0.4,0.8,0.875,0.5,369.4407999899999,290.96880204999985,151,1.7682119205298013,7,0.1689453125,0.91357421875,0.02294921875,0.1918819188191882,0.5622652119370978,11.693917673260557,-0.08408546447753906,6.724847316741943,1.005384238864415,0.6666666666666666,nan,1.0,1.0,0.1888698786497116,0.27098676562309265,0.20696619153022766,0.0,0.36071068048477173,-0.37987783551216125,0.3983995318412781,0,0.958984375
9,20,0,0.95,1.0,0.0,1.0,0.8,391.69039730000014,260.7776012299999,175,1.9485714285714286,7,0.20849609375,0.90576171875,0.02490234375,0.1298932384341637,0.5288447677116407,19.158012774184602,-0.11371146887540817,5.489459037780762,1.002447381302007,1.0,1.0,1.0,1.0,0.20740999281406403,0.27409106492996216,0.24461838603019714,0.0,0.36055678129196167,-0.3483406901359558,0.450114369392395,0,0.9541015625
10,20,0,0.75,0.7142857142857143,0.6,0.875,1.0,371.4024057999997,289.8264017,152,1.7960526315789473,8,0.15966796875,0.88623046875,0.017578125,0.17580340264650285,0.5663567925516977,11.165645330283969,0.08419550955295563,7.384668350219727,1.0029311187103078,1.0,1.0,0.8,1.0,0.2171022742986679,0.29609864950180054,0.1839592605829239,0.0,0.3604578673839569,-0.41679608821868896,0.407348096370697,0,0.9443359375
11,20,0,0.65,0.5555555555555556,0.5,1.0,0.8888888888888888,383.55679937400015,316.09760013699986,154,1.8571428571428572,7,0.15380859375,0.90673828125,0.02099609375,0.15753424657534246,0.446245047863136,8.94801400518281,-0.015194278210401535,10.537975311279297,1.002932551319648,1.0,nan,nan,1.0,0.26165980100631714,0.2567218542098999,0.17932313680648804,0.0,0.3604338765144348,-0.42992258071899414,0.3586132824420929,0,0.912109375
12,19,0,0.5789473684210527,0.6,0.2857142857142857,0.8571428571428571,0.4,365.3144000224999,284.83280499999995,149,2.0134228187919465,9,0.15283203125,0.9130859375,0.02099609375,0.12595419847328243,0.4668427274675194,7.396007449786402,0.010743075981736183,10.601909637451172,1.0029354207436398,1.0,1.0,0.5,1.0,0.260652631521225,0.2756690979003906,0.18238118290901184,0.0,0.36034464836120605,-0.38507091999053955,0.4073903560638428,0,0.91650390625
13,20,0,0.65,0.6666666666666666,0.4,1.0,0.75,364.2559994799999,303.00799768,155,1.6387096774193548,6,0.150390625,0.91455078125,0.01904296875,0.1960431654676259,0.5503137028766192,9.206584844089832,0.0890512466430664,11.665507316589355,1.002932551319648,1.0,1.0,nan,1.0,0.23538148403167725,0.25779324769973755,0.1758575439453125,0.0,0.36032629013061523,-0.42827779054641724,0.3596407175064087,0,0.921875
14,19,0,0.8421052631578947,0.6666666666666666,0.75,1.0,0.875,380.71359728000016,299.1983996999998,165,1.696969696969697,6,0.15283203125,0.8837890625,0.021484375,0.15666666666666668,0.607037603656242,12.425270911544182,-0.05189028009772301,7.5395684242248535,1.0024461839530332,1.0,1.0,1.0,1.0,0.2459380328655243,0.2850944995880127,0.2133931666612625,0.0,0.3602405786514282,-0.4238489270210266,0.3525504767894745,0,0.9091796875
1,18,0,0.7222222222222222,0.6,0.0,1.0,1.0,334.86160166999997,236.57040615,145,2.075862068965517,7,0.1962890625,0.91064453125,0.0224609375,0.10344827586206896,0.38188074233314895,13.883237351716225,-0.08521787822246552,8.920138359069824,1.0,1.0,1.0,1.0,1.0,0.2855769395828247,0.2271558791399002,0.18465349078178406,0.0,0.3604810833930969,-0.35593903064727783,0.46858105063438416,0,0.90673828125
2,20,0,0.5,0.5,0.0,1.0,0.3333333333333333,388.90880663999985,360.0935994999998,159,1.528301886792453,5,0.11865234375,0.92236328125,0.01513671875,0.15901639344262294,0.45378330149120455,1.8974095194884655,0.08668863773345947,7.210597991943359,1.0087976539589443,1.0,1.0,nan,1.0,0.23738816380500793,0.24251620471477509,0.14403179287910461,0.0,0.36052393913269043,-0.4303666353225708,0.3652491271495819,0,0.92041015625
3,20,0,0.7,0.5555555555555556,0.5,1.0,0.7777777777777778,367.05040236000013,317.85360074999994,153,1.7320261437908497,9,0.13671875,0.873046875,0.01904296875,0.11210762331838565,0.48977816804214375,8.959307441379817,0.13209453225135803,10.782339096069336,1.0029296875,1.0,1.0,1.0,1.0,0.27693039178848267,0.3035329580307007,0.17775005102157593,0.0,0.3604751229286194,-0.46663224697113037,0.3118298351764679,0,0.9208984375
4,18,0,0.6666666666666666,0.3333333333333333,0.6666666666666666,1.0,0.4,359.63280042399987,255.04400259999994,154,1.9090909090909092,6,0.18603515625,0.890625,0.02197265625,0.1685823754789272,0.4002773961075989,12.47545246569579,-0.05179409310221672,6.7948198318481445,1.0029296875,nan,1.0,1.0,1.0,0.32278725504875183,0.2881298065185547,0.17323878407478333,0.0,0.360352098941803,-0.4046581983566284,0.38420432806015015,0,0.892578125
5,19,0,0.8421052631578947,0.6,0.6666666666666666,1.0,1.0,353.71679942599997,268.00640239999984,152,1.8223684210526316,7,0.1865234375,0.89306640625,0.017578125,0.14168377823408623,0.4236826451541675,13.791951360594384,-0.07508766651153564,8.590947151184082,1.0029311187103078,1.0,1.0,1.0,1.0,0.40108489990234375,0.2676127254962921,0.21354669332504272,0.0,0.36026763916015625,-0.34325408935546875,0.4399784207344055,0,0.88623046875
6,19,0,0.8947368421052632,1.0,0.3333333333333333,1.0,0.8,374.5359986299998,209.31919903999994,162,2.123456790123457,7,0.2216796875,0.91796875,0.02490234375,0.09239130434782608,0.17958322190819967,21.281802102091525,-0.07323134690523148,7.493258953094482,1.0024425989252566,1.0,nan,1.0,1.0,0.38224852085113525,0.2663010358810425,0.2415340393781662,0.0,0.35996341705322266,-0.3387189507484436,0.5223491191864014,0,0.88330078125
7,19,0,0.631578947368421,0.625,0.2,1.0,1.0,363.70720121999983,291.85440525,155,1.6516129032258065,6,0.16259765625,0.90966796875,0.02001953125,0.19168173598553345,0.4906084868588389,9.037094568742777,0.11892560869455338,9.888717651367188,1.0029296875,1.0,nan,1.0,1.0,0.3033486008644104,0.28772711753845215,0.16059517860412598,0.0,0.3597320020198822,-0.4517791271209717,0.3864913880825043,0,0.912109375
8,18,0,0.8333333333333334,0.6666666666666666,0.0,1.0,0.6666666666666666,354.32960000000014,215.81520244999993,156,2.076923076923077,7,0.22509765625,0.88720703125,0.02490234375,0.08712121212121213,0.2954131246647849,19.023799998004595,0.07456117123365402,9.965885162353516,1.0029296875,1.0,1.0,1.0,1.0,0.35259878635406494,0.27565798163414,0.2272711843252182,0.0,0.3597283363342285,-0.3150354027748108,0.4768875241279602,0,0.89306640625
9,20,0,0.6,0.3333333333333333,0.5,1.0,0.625,363.7288055300001,283.31039799999985,158,1.860759493670886,6,0.1494140625,0.90673828125,0.0205078125,0.1724770642201835,0.4671598386524207,8.672800406373407,0.012046821415424347,8.253257751464844,1.00634765625,nan,1.0,1.0,1.0,0.3357402980327606,0.253508061170578,0.19513291120529175,0.0,0.3598155379295349,-0.42907407879829407,0.42409664392471313,0,0.90625
10,19,0,0.7894736842105263,0.8333333333333334,0.3333333333333333,0.9,0.6666666666666666,359.5279993299999,242.02240400999992,151,1.966887417218543,7,0.1640625,0.91015625,0.025390625,0.17406749555950266,0.5588591058173334,16.060993722408615,0.008816596120595932,12.713528633117676,1.0029296875,1.0,1.0,0.5,1.0,0.31374242901802063,0.2503524422645569,0.19973284006118774,0.0,0.36009395122528076,-0.4186254143714905,0.4712149500846863,0,0.88623046875
11,19,0,0.5789473684210527,0.5714285714285714,0.0,0.875,0.4,363.7383991300001,282.07680089999985,151,1.8476821192052981,6,0.18017578125,0.93212890625,0.0205078125,0.11811023622047244,0.4038417719564209,9.146239435559385,0.03629682958126068,8.448860168457031,1.0029296875,1.0,0.0,nan,1.0,0.3453168272972107,0.25084418058395386,0.16663604974746704,0.0,0.3599257469177246,-0.3875962495803833,0.454048752784729,0,0.88134765625
12,19,0,0.7894736842105263,0.6666666666666666,0.6,1.0,1.0,366.09439880000014,251.5000020399999,153,1.8888888888888888,6,0.1962890625,0.89306640625,0.02197265625,0.1003584229390681,0.340240405084952,15.186273549626033,0.11803328990936279,7.892230033874512,1.0024437927663734,1.0,nan,1.0,1.0,0.35347869992256165,0.26590171456336975,0.16651345789432526,0.0,0.35940635204315186,-0.34422072768211365,0.5165144801139832,0,0.8916015625
13,19,0,0.6842105263157895,0.625,0.5,1.0,0.3333333333333333,373.08080214,265.7120045,153,1.9803921568627452,8,0.14111328125,0.91455078125,0.01904296875,0.1792452830188679,0.475107145313974,11.673450498312173,0.024692432954907417,11.235077857971191,1.00537109375,1.0,1.0,1.0,1.0,0.287773460149765,0.22411899268627167,0.11168655753135681,0.0,0.35922813415527344,-0.43439894914627075,0.4227478802204132,0,0.9091796875
14,20,0,0.6,0.2857142857142857,0.7142857142857143,0.8333333333333334,0.6,385.68080049799977,334.7423993100001,157,1.6560509554140128,7,0.142578125,0.91357421875,0.01708984375,0.17266187050359713,0.36694256849807644,7.122839407140224,0.06915585696697235,15.022031784057617,1.0034213098729228,0.6666666666666666,nan,1.0,1.0,0.3086419999599457,0.23323975503444672,0.13812880218029022,0.0,0.35933709144592285,-0.41976842284202576,0.4238360524177551,0,0.908203125
15,20,0,0.8,1.0,0.4,0.9,0.625,385.68800323,296.73120009999997,173,1.8150289017341041,7,0.189453125,0.9169921875,0.02294921875,0.17687074829931973,0.3630340081660154,13.563600078600809,0.07368507236242294,11.511417388916016,1.0029339853300734,0.5,1.0,1.0,1.0,0.34292206168174744,0.1910051703453064,0.17201760411262512,0.0,0.3596060276031494,-0.3500366806983948,0.4739658236503601,0,0.8876953125
16,21,0,0.8571428571428571,0.75,0.8333333333333334,1.0,1.0,424.45520029999994,317.4608087700001,180,1.7944444444444445,6,0.103515625,0.9267578125,0.01904296875,0.15664556962025317,0.5167164604903932,15.233867406089892,0.13321015238761902,9.668111801147461,1.00244140625,1.0,1.0,1.0,1.0,0.2727118134498596,0.205478698015213,0.1342100352048874,0.0,0.35988476872444153,-0.44265425205230713,0.45234838128089905,0,0.916015625
17,19,0,0.7368421052631579,1.0,0.2857142857142857,1.0,0.5,368.52799832299985,294.84080259999996,154,1.6818181818181819,6,0.095703125,0.935546875,0.02099609375,0.149812734082397,0.4054897877355065,10.087134709351174,-0.05915679782629013,6.550204753875732,1.00244140625,1.0,1.0,1.0,1.0,0.2597449719905853,0.2083481103181839,0.12701158225536346,0.0,0.36014437675476074,-0.4412987530231476,0.4715764820575714,0,0.92333984375
18,20,0,0.8,0.5,0.5,1.0,0.75,371.1848018800002,274.19760011999995,163,2.0122699386503067,7,0.1298828125,0.92724609375,0.02392578125,0.11130742049469965,0.38259618460477707,14.771172830214857,0.05057036876678467,8.716543197631836,1.0029296875,1.0,1.0,1.0,1.0,0.40689241886138916,0.2125837504863739,0.1828026920557022,0.0,0.36020058393478394,-0.3435709774494171,0.502121090888977,0,0.89306640625
19,19,0,0.7368421052631579,0.4,0.6,1.0,0.75,369.45520346000006,259.36960346999996,163,2.0245398773006134,6,0.16943359375,0.92431640625,0.0234375,0.12743362831858407,0.2844576560043002,14.702452121636957,0.057741664350032806,8.8436918258667,1.0029311187103078,1.0,1.0,1.0,1.0,0.4442558288574219,0.2071058303117752,0.19938567280769348,0.0,0.36024564504623413,-0.3707050383090973,0.5300369262695312,0,0.88525390625
20,19,0,0.7368421052631579,0.5,0.625,1.0,0.8333333333333334,376.1120002499998,289.8680032999999,159,1.830188679245283,9,0.12451171875,0.92333984375,0.0205078125,0.12092130518234165,0.4929231660812153,12.265451340553625,0.03423679620027542,9.58740234375,1.00244140625,1.0,nan,1.0,1.0,0.41227567195892334,0.19870620965957642,0.16491204500198364,0.0,0.3605617880821228,-0.40573859214782715,0.4882937967777252,0,0.88037109375
21,21,0,0.7142857142857143,0.5,0.5,1.0,0.4444444444444444,396.67840426000015,295.19360316399997,171,1.8888888888888888,7,0.15185546875,0.9384765625,0.0205078125,0.11129848229342328,0.5729982628683983,12.175386229851101,0.07805617153644562,10.664389610290527,1.0029311187103078,1.0,1.0,1.0,1.0,0.4248843789100647,0.18367445468902588,0.17620275914669037,0.0,0.36097046732902527,-0.37149494886398315,0.5216920971870422,0,0.84521484375
22,18,0,0.7777777777777778,0.6666666666666666,0.0,1.0,0.7777777777777778,361.53600192,280.05760219999996,156,1.7435897435897436,6,0.11474609375,0.91015625,0.02294921875,0.14956521739130435,0.39620815900653505,13.152576690952579,0.04843614250421524,11.30911636352539,1.00244140625,1.0,1.0,1.0,1.0,0.3883119821548462,0.22679565846920013,0.16820389032363892,0.0,0.3607139587402344,-0.3711613714694977,0.45167872309684753,0,0.8701171875
23,19,0,0.7368421052631579,1.0,0.16666666666666666,1.0,0.5,370.2111989799999,238.14640346,162,2.1419753086419755,8,0.2158203125,0.921875,0.0234375,0.1171003717472119,0.2993798063599114,14.840264454140714,-0.02879069373011589,5.816046714782715,1.0029311187103078,1.0,nan,1.0,1.0,0.4237247705459595,0.2021552324295044,0.16653811931610107,0.0,0.3605751395225525,-0.31876078248023987,0.5671557784080505,0,0.85693359375
24,20,0,0.9,0.6,1.0,1.0,0.7142857142857143,379.8912012999997,261.39040509999995,166,2.1626506024096384,9,0.14892578125,0.9326171875,0.0234375,0.11310592459605028,0.4261524798807393,19.888171574296255,-0.043826013803482056,8.149764060974121,1.0029296875,1.0,1.0,1.0,1.0,0.41160497069358826,0.19663006067276,0.14813612401485443,0.0,0.3605111837387085,-0.35189202427864075,0.44933146238327026,0,0.8671875
25,20,0,0.75,0.4,0.5,1.0,0.5,374.5616018699999,250.18960189999996,166,1.8674698795180722,6,0.16015625,0.9326171875,0.02392578125,0.10792580101180438,0.3190519508070377,14.067006941695691,0.004597589373588562,7.453038215637207,1.00244140625,1.0,1.0,1.0,1.0,0.4290603697299957,0.2035875916481018,0.16909147799015045,0.0,0.360371470451355,-0.30944105982780457,0.486691415309906,0,0.86669921875
26,18,0,0.5555555555555556,0.1111111111111111,1.0,1.0,0.5,353.3976006799999,301.982406,149,1.563758389261745,6,0.1005859375,0.9033203125,0.01806640625,0.14545454545454545,0.4397067496425183,4.960313897334436,0.036080654710531235,8.575891494750977,1.0029296875,1.0,1.0,1.0,1.0,0.3656093180179596,0.23734110593795776,0.1312161386013031,0.0,0.36038827896118164,-0.40127116441726685,0.37104326486587524,0,0.88916015625
27,18,0,0.7777777777777778,0.5,nan,1.0,0.7142857142857143,346.50079830000004,262.2296025599999,146,1.7876712328767124,7,0.173828125,0.90625,0.0224609375,0.11965811965811966,0.25069337066311803,12.994521527315317,-0.040839530527591705,5.6022844314575195,1.00244140625,1.0,1.0,1.0,1.0,0.5567759871482849,0.2697432041168213,0.21104151010513306,0.0,0.3604055643081665,-0.25102657079696655,0.4645376205444336,0,0.8369140625
28,19,0,0.6842105263157895,0.2,0.3333333333333333,1.0,1.0,352.4399983,240.99359809999999,153,2.052287581699346,8,0.15380859375,0.90478515625,0.0244140625,0.12477064220183487,0.1646477950821225,14.170419880206042,-0.017930086702108383,4.565304756164551,1.0029296875,1.0,1.0,1.0,1.0,0.5084419250488281,0.2560425102710724,0.17522957921028137,0.0,0.36051231622695923,-0.3317136764526367,0.43882060050964355,0,0.79443359375
29,19,0,0.7368421052631579,0.2,0.0,1.0,0.4,368.675998822,239.80960164,170,2.1705882352941175,7,0.18115234375,0.9072265625,0.025390625,0.06210191082802548,0.37982822201421834,16.914058430929693,0.04906940460205078,7.912086486816406,1.002932551319648,1.0,1.0,1.0,1.0,0.526323676109314,0.23748143017292023,0.19903506338596344,0.0,0.36059504747390747,-0.2957826852798462,0.47552376985549927,0,0.80712890625
30,19,0,0.7894736842105263,0.7777777777777778,0.3333333333333333,1.0,0.6666666666666666,376.8912006999998,281.50639697000014,162,1.8148148148148149,7,0.12646484375,0.91943359375,0.0185546875,0.13743218806509946,0.3742003427786587,13.911701373206213,-0.06223813071846962,7.536322593688965,1.0024425989252566,1.0,1.0,1.0,1.0,0.4264448881149292,0.23395098745822906,0.16207394003868103,0.0,0.3606036901473999,-0.3379058539867401,0.4852912425994873,0,0.8515625
31,18,0,0.6111111111111112,0.5,0.3333333333333333,0.875,0.6,356.74880159800006,267.83119959,156,1.9807692307692308,7,0.13232421875,0.916015625,0.02001953125,0.11888111888111888,0.42392636464666267,10.196193419425772,0.03993441164493561,8.98538589477539,1.0029311187103078,0.8,nan,1.0,1.0,0.41420987248420715,0.23640023171901703,0.14701177179813385,0.0,0.36040258407592773,-0.35454803705215454,0.4581991136074066,0,0.84765625
32,19,0,0.8421052631578947,0.5,1.0,0.9,0.75,379.9800012400001,259.2656048,171,2.0584795321637426,8,0.13916015625,0.92578125,0.02490234375,0.11945392491467577,0.5935548485453408,16.90561723542365,0.10571601241827011,12.46883773803711,1.0024425989252566,1.0,nan,nan,0.6666666666666666,0.40257728099823,0.18632856011390686,0.15560652315616608,0.0,0.3605477809906006,-0.28756457567214966,0.5008323788642883,0,0.826171875
33,20,0,0.6,0.375,0.25,1.0,0.6,389.24879741799975,309.78319403000006,167,1.9341317365269461,8,0.171875,0.92333984375,0.0205078125,0.17229129662522202,0.6361011363041054,8.727940177128541,0.09351754933595657,8.568460464477539,1.0024437927663734,1.0,1.0,nan,1.0,0.4867258667945862,0.24603357911109924,0.1774413138628006,0.0,0.36075377464294434,-0.28870201110839844,0.48855191469192505,0,0.80615234375
34,20,0,0.9,1.0,0.5,1.0,1.0,376.11440653999966,250.88480406499994,162,2.1728395061728394,7,0.1455078125,0.91552734375,0.025390625,0.11396468699839486,0.29263955620541077,19.607524130183236,-0.024724943563342094,8.035758018493652,1.002932551319648,1.0,1.0,1.0,1.0,0.530380368232727,0.22036291658878326,0.1979973316192627,0.0,0.3607940971851349,-0.22379443049430847,0.5582340955734253,0,0.79345703125
35,19,0,0.5789473684210527,0.6,0.6666666666666666,0.75,0.4,351.60159930999987,304.8480028199998,142,1.767605633802817,8,0.1142578125,0.90380859375,0.0185546875,0.16346153846153846,0.30491377883810816,5.9420925620113865,-0.018228333443403244,10.151205062866211,1.0029311187103078,0.5,1.0,nan,nan,0.40400105714797974,0.24126340448856354,0.14515340328216553,0.0,0.3605833649635315,-0.31560105085372925,0.47322648763656616,0,0.830078125
36,17,0,0.8235294117647058,1.0,0.6666666666666666,1.0,0.8333333333333334,325.78160078999974,249.38080476999988,152,1.730263157894737,5,0.146484375,0.84814453125,0.021484375,0.11598302687411598,0.18642791987468224,12.965526860915748,0.033293768763542175,6.341823577880859,1.0024449877750612,1.0,1.0,nan,nan,0.5652632117271423,0.2810249924659729,0.19522595405578613,0.0,0.36040443181991577,-0.21726995706558228,0.44608765840530396,0,0.80078125
37,20,0,0.75,0.5714285714285714,0.5,1.0,0.4,367.5592021700001,279.204802298,162,2.1481481481481484,10,0.0947265625,0.94873046875,0.02197265625,0.1642512077294686,0.4391159961203394,13.736841503804598,-0.015949830412864685,7.226997375488281,1.0029311187103078,1.0,1.0,1.0,1.0,0.4438856542110443,0.14073871076107025,0.137577086687088,0.0,0.36054784059524536,-0.25860095024108887,0.5804009437561035,0,0.83447265625
38,20,0,0.65,0.5,0.375,1.0,0.8333333333333334,379.73440138999996,293.65600523000006,159,1.9748427672955975,7,0.09814453125,0.951171875,0.01953125,0.15878378378378377,0.288418749377186,9.341361317570883,0.012426257133483887,9.573968887329102,1.00537109375,1.0,1.0,nan,1.0,0.4354737401008606,0.13998454809188843,0.13938778638839722,0.0,0.3604973554611206,-0.259698748588562,0.5711258053779602,0,0.837890625
39,19,0,0.8947368421052632,1.0,0.6,1.0,1.0,370.0023996999999,236.05039669999996,163,2.098159509202454,6,0.11376953125,0.953125,0.0234375,0.12195121951219512,0.2152532583139348,19.69707760176979,0.031622227281332016,10.163707733154297,1.0029311187103078,1.0,1.0,1.0,1.0,0.4850688576698303,0.17856866121292114,0.16105636954307556,0.0,0.3605172038078308,-0.16540661454200745,0.5955567359924316,0,0.80908203125
40,18,0,0.8333333333333334,0.6666666666666666,1.0,0.8888888888888888,1.0,364.0167995399999,267.4912057,159,1.880503144654088,6,0.11181640625,0.94140625,0.0224609375,0.128060263653484,0.25595245897955526,15.261809989004888,-0.008795306086540222,6.786211967468262,1.0029311187103078,1.0,0.5,1.0,1.0,0.5261625051498413,0.1595020890235901,0.16115207970142365,0.0,0.36089378595352173,-0.2282734215259552,0.5429360866546631,0,0.822265625
41,20,0,0.9,0.7777777777777778,1.0,1.0,1.0,381.03200260999995,300.33840388000004,164,1.6341463414634145,5,0.07470703125,0.9462890625,0.02197265625,0.11553784860557768,0.30455483761982244,14.971561095571598,-0.03381286561489105,6.321652412414551,1.0024425989252566,1.0,1.0,1.0,1.0,0.456387460231781,0.135489821434021,0.1406225860118866,0.0,0.3608302175998688,-0.2808263301849365,0.5336820483207703,0,0.83447265625
42,21,0,0.6666666666666666,0.5,0.4,0.9,0.625,412.688801965,318.3015993,179,1.8044692737430168,7,0.078125,0.9599609375,0.02197265625,0.13753581661891118,0.3160967941159198,11.004386086100194,-0.01562220323830843,6.843371391296387,1.002932551319648,1.0,0.5,1.0,1.0,0.43144333362579346,0.13499948382377625,0.14114247262477875,0.0,0.3608654737472534,-0.31418582797050476,0.5416771173477173,0,0.849609375
43,19,0,0.631578947368421,0.2,0.75,0.8,0.5,353.67040266,287.02800269999994,151,1.900662251655629,8,0.07568359375,0.96240234375,0.0205078125,0.16830065359477125,0.11786377636011047,8.908879170465216,-0.11532028019428253,8.164993286132812,1.0024437927663734,1.0,0.6666666666666666,1.0,0.75,0.4273134768009186,0.0915483832359314,0.14237067103385925,0.0,0.36080682277679443,-0.253318190574646,0.5541608333587646,0,0.85302734375
44,19,0,0.631578947368421,0.3333333333333333,0.6666666666666666,1.0,0.8333333333333334,376.5088080259996,314.09680488,156,1.6538461538461537,6,0.111328125,0.9638671875,0.0185546875,0.20228384991843393,0.23430225705974733,8.030859101861232,-0.038294821977615356,10.245342254638672,1.0029368575624082,1.0,1.0,1.0,1.0,0.46854478120803833,0.14623235166072845,0.16710783541202545,0.0,0.36077558994293213,-0.26829320192337036,0.491489440202713,0,0.83544921875
45,21,0,0.8095238095238095,0.7142857142857143,0.8571428571428571,0.8571428571428571,0.8333333333333334,392.4304023000001,311.4512046999999,166,1.783132530120482,6,0.08251953125,0.9765625,0.01953125,0.1461794019933555,0.29855659493566117,12.408529192022197,-0.0011622048914432526,8.873964309692383,1.005384238864415,1.0,1.0,0.6666666666666666,1.0,0.3896316885948181,0.07530096173286438,0.1316831260919571,0.0,0.36069291830062866,-0.26987674832344055,0.5670060515403748,0,0.849609375
46,20,0,0.8,0.75,0.8,0.8181818181818182,0.8333333333333334,383.35039815000005,303.60960024399986,159,1.7106918238993711,7,0.0869140625,0.97119140625,0.0205078125,0.14397496087636932,0.20619496909429905,11.891413403962407,0.0235171876847744,10.920064926147461,1.0053737176355642,1.0,0.6666666666666666,0.6666666666666666,1.0,0.4300079345703125,0.09945467859506607,0.13866737484931946,0.0,0.360493004322052,-0.2566503882408142,0.5437650680541992,0,0.86767578125
47,21,0,0.8095238095238095,0.6,1.0,1.0,0.8333333333333334,403.5184035780001,317.40000373350017,174,1.8793103448275863,7,0.07275390625,0.97509765625,0.0205078125,0.12547051442910917,0.2731206564295164,13.804702876204379,-0.03507452458143234,6.536630153656006,1.0029339853300734,1.0,1.0,nan,1.0,0.396696537733078,0.10280819982290268,0.12708815932273865,0.0,0.3602914810180664,-0.3254068195819855,0.5076040625572205,0,0.87353515625
